1.0,0.0,13.207226,13.322006,19.064686,20.251343,14.561369,13.616581,17.438631,18.383419
1.0,0.0,13.3718815,13.301801,18.262135,20.774141,14.561369,13.616581,17.438631,18.383419
1.0,0.0,12.522469,13.192203,18.80632,18.617147,14.370695,13.616581,17.629305,18.383419
1.0,0.0,12.794557,13.146456,18.30634,18.961834,14.370695,13.616581,17.629305,18.383419
1.0,0.0,12.639553,13.232031,19.532562,18.905792,14.210422,13.631467,17.945793,18.398346
1.0,0.0,12.647909,13.189043,19.461817,19.027275,14.210422,13.631467,17.945793,18.398346
1.0,0.0,12.623121,13.161114,19.429935,19.102695,14.08115,13.643672,18.198057,18.410646
1.0,0.0,12.646193,13.13916,19.389744,19.174217,14.08115,13.643672,18.198057,18.410646
1.0,0.0,12.280292,13.111101,19.36713,19.262096,13.960275,13.6715765,18.458954,18.438738
1.0,0.0,12.416639,13.109899,19.364107,19.308243,13.960275,13.6715765,18.458954,18.438738
1.0,0.0,12.296422,13.113721,19.396461,19.343533,13.952431,13.716902,18.738451,18.484646
1.0,0.0,12.361795,13.132185,19.439184,19.364628,13.952431,13.716902,18.738451,18.484646
1.0,0.0,12.30513,13.163387,19.503689,19.377678,13.903317,13.771847,19.073055,18.540545
1.0,0.0,12.343937,13.209323,19.58406,19.3844,13.903317,13.771847,19.073055,18.540545
1.0,0.0,12.103281,13.236591,19.659418,19.409462,13.759383,13.776464,19.215336,18.545174
1.0,0.0,12.128856,13.253486,19.732512,19.429697,13.759383,13.776464,19.215336,18.545174
1.0,0.0,12.173678,13.311898,19.89732,19.461388,13.777536,13.829215,19.523407,18.599382
1.0,0.0,12.179615,13.374581,20.09452,19.509163,13.777536,13.829215,19.523407,18.599382
1.0,0.0,12.391898,13.42004,20.46372,19.548925,13.840431,13.897491,19.976307,18.670708
1.0,0.0,12.326968,13.457056,21.489567,19.558052,13.840431,13.897491,19.976307,18.670708
1.0,0.0,12.246872,13.460159,21.77177,19.662292,13.708177,13.8945675,20.131008,18.667892
1.0,0.0,12.200587,13.4688,21.624676,19.826675,13.708177,13.8945675,20.131008,18.667892
1.0,0.0,12.406906,13.506586,21.721321,20.215454,13.938531,14.022319,20.765497,18.803152
1.0,0.0,12.380349,13.534596,21.76463,21.39972,13.938531,14.022319,20.765497,18.803152
1.0,0.0,12.540766,13.435602,25.964853,20.371782,13.814559,14.031485,20.930208,18.812767
1.0,0.0,12.310795,13.341853,26.014751,22.338379,13.814559,14.031485,20.930208,18.812767
1.0,0.0,12.384298,13.29037,25.524622,22.22039,13.856844,14.137169,21.374117,18.924427
1.0,0.0,12.326363,13.357989,23.574087,22.192053,13.856844,14.137169,21.374117,18.924427
1.0,0.0,12.415402,13.492823,23.619745,22.120739,13.939527,14.286998,21.868553,19.083128
1.0,0.0,12.351926,13.595291,23.670527,22.040232,13.939527,14.286998,21.868553,19.083128
1.0,0.0,12.620184,13.76977,23.737583,21.944136,14.067147,14.422031,22.317844,19.228384
1.0,0.0,12.555804,13.918857,23.84542,21.861403,14.067147,14.422031,22.317844,19.228384
1.0,0.0,12.689211,14.142024,24.047457,21.767542,14.119724,14.532509,22.791214,19.349209
1.0,0.0,12.609911,14.361615,24.327934,21.636023,14.119724,14.532509,22.791214,19.349209
1.0,0.0,12.695162,14.516649,25.377598,21.275888,14.182717,14.601303,23.28086,19.42893
1.0,0.0,12.588177,14.197065,26.13805,21.022549,14.182717,14.601303,23.28086,19.42893
1.0,0.0,12.524757,14.450836,26.168144,20.615055,14.068807,14.580081,23.461533,19.408314
1.0,0.0,12.351501,14.395941,26.680595,24.018007,14.068807,14.580081,23.461533,19.408314
1.0,0.0,13.068569,14.617183,25.840034,18.200668,14.155024,14.637338,23.986588,19.478497
1.0,0.0,12.559914,14.394078,26.044006,19.188738,14.155024,14.637338,23.986588,19.478497
1.0,0.0,12.556612,14.714956,26.116295,19.161777,14.020948,14.659577,24.148401,19.501816
1.0,0.0,12.518133,14.544867,26.188461,19.135477,14.020948,14.659577,24.148401,19.501816
1.0,0.0,12.292683,14.859782,26.344007,19.138605,14.108324,14.715992,24.685549,19.572737
1.0,0.0,12.295617,14.465021,26.567581,19.139515,14.108324,14.715992,24.685549,19.572737
1.0,0.0,12.68229,15.120048,27.390099,19.113317,13.975566,14.755217,24.852158,19.613754
1.0,0.0,12.714008,13.919447,31.054337,19.026098,13.975566,14.755217,24.852158,19.613754
1.0,0.0,12.263536,14.257702,31.035645,19.163158,14.110213,14.842565,25.35271,19.718252
1.0,0.0,12.356389,14.693224,31.008636,19.323555,14.110213,14.842565,25.35271,19.718252
1.0,0.0,12.484055,14.994591,32.566612,19.400885,14.151618,14.971661,25.861107,19.865137
1.0,0.0,12.64948,14.472971,32.31598,19.406929,14.151618,14.971661,25.861107,19.865137
1.0,0.0,12.562858,15.160861,32.125984,19.429482,14.234341,15.057912,26.429012,19.971642
1.0,0.0,12.637136,14.524145,31.794735,19.475077,14.234341,15.057912,26.429012,19.971642
1.0,0.0,12.654226,15.361964,31.471785,19.568842,14.090053,15.15272,26.59366,20.070532
1.0,0.0,12.795663,15.067827,31.494823,19.857584,14.090053,15.15272,26.59366,20.070532
1.0,0.0,12.634401,14.987145,31.524342,20.565512,14.181739,15.213735,27.186344,20.153402
1.0,0.0,12.529988,15.153962,33.539288,21.636414,14.181739,15.213735,27.186344,20.153402
1.0,0.0,12.586733,14.943625,33.448227,21.618465,14.044337,15.272185,27.359053,20.215181
1.0,0.0,12.7238,15.249993,33.412945,21.59819,14.044337,15.272185,27.359053,20.215181
1.0,0.0,12.672717,15.210901,33.363785,21.587523,14.141685,15.432386,27.990664,20.404821
1.0,0.0,12.584453,15.282665,33.334015,21.594551,14.141685,15.432386,27.990664,20.404821
1.0,0.0,12.696104,15.213662,33.313065,21.585756,14.003681,15.393961,28.152367,20.365078
1.0,0.0,12.854609,15.413933,33.31835,21.57323,14.003681,15.393961,28.152367,20.365078
1.0,0.0,12.398537,15.50593,33.335995,21.573011,14.153361,15.559381,28.758327,20.563234
1.0,0.0,12.710393,15.501822,33.343582,21.549665,14.153361,15.559381,28.758327,20.563234
1.0,0.0,12.967247,15.623486,33.35278,21.504015,14.000354,15.514583,28.899132,20.51544
1.0,0.0,12.790082,15.764609,33.357124,21.481642,14.171723,15.676497,29.431072,20.710196
1.0,0.0,12.205124,15.905536,33.366478,21.461788,14.171723,15.676497,29.431072,20.710196
1.0,0.0,12.59833,15.9621105,33.346455,21.412388,14.077784,15.600322,29.527521,20.629791
1.0,0.0,13.17028,16.010489,33.30049,21.333605,14.077784,15.600322,29.527521,20.629791
1.0,0.0,12.776997,16.103922,33.28209,21.293682,14.379794,15.669967,29.615362,20.717794
1.0,0.0,13.234483,16.169992,33.236183,21.194769,14.379794,15.669967,29.615362,20.717794
1.0,0.0,12.887906,16.273129,33.194603,21.096943,14.81364,15.716287,29.772491,20.789692
1.0,0.0,13.726616,16.342472,33.115295,20.916206,14.81364,15.716287,29.772491,20.789692
1.0,0.0,13.122488,16.424063,33.142864,20.944977,14.901949,15.6903305,29.514685,20.756142
1.0,0.0,14.0150795,16.450289,33.105846,20.877218,14.901949,15.6903305,29.514685,20.756142
1.0,0.0,13.605751,16.542871,33.131218,20.835442,15.131517,15.729737,29.613615,20.810818
1.0,0.0,14.247578,16.572723,33.16768,21.182673,15.131517,15.729737,29.613615,20.810818
1.0,0.0,14.0892515,16.634497,33.14157,21.060465,15.466799,15.725698,29.60579,20.820187
1.0,0.0,14.38558,16.659004,33.129234,21.102945,15.466799,15.725698,29.60579,20.820187
1.0,0.0,14.369537,16.723492,33.094887,20.987453,15.612084,15.712505,29.434002,20.805584
1.0,0.0,14.70478,16.757141,33.03116,20.963211,15.612084,15.712505,29.434002,20.805584
1.0,0.0,14.749482,16.786448,33.04899,21.111841,15.876749,15.69165,29.311342,20.789864
1.0,0.0,14.877241,16.811943,33.072468,21.154379,15.876749,15.69165,29.311342,20.789864
1.0,0.0,14.886997,16.83704,33.036797,21.054565,16.056067,15.674069,29.05897,20.768831
1.0,0.0,15.366031,16.857077,33.043053,21.149353,16.056067,15.674069,29.05897,20.768831
1.0,0.0,15.459021,16.892942,33.03413,21.101324,16.242159,15.651769,28.944986,20.748615
1.0,0.0,15.4894495,16.919102,33.04888,21.201794,16.242159,15.651769,28.944986,20.748615
1.0,0.0,15.48964,16.94821,33.008404,21.160707,16.317924,15.641523,28.669327,20.73002
1.0,0.0,15.636613,16.960506,32.973267,21.124119,16.317924,15.641523,28.669327,20.73002
1.0,0.0,15.633029,16.96284,32.95961,21.204977,16.453041,15.607926,28.47817,20.692677
1.0,0.0,15.73016,16.959936,32.910583,21.208635,16.453041,15.607926,28.47817,20.692677
1.0,0.0,15.717788,16.951574,32.85731,21.206358,16.647861,15.569189,28.245731,20.650787
1.0,0.0,16.047953,16.931654,32.81952,21.257666,16.647861,15.569189,28.245731,20.650787
1.0,0.0,15.900174,16.914965,32.78708,21.265865,16.791693,15.563459,28.0717,20.643845
1.0,0.0,16.252493,16.89416,32.73741,21.297274,16.791693,15.563459,28.0717,20.643845
1.0,0.0,15.981755,16.83207,32.74533,21.322395,16.993423,15.5359745,27.850512,20.61453
1.0,0.0,16.411442,16.816345,32.672966,21.364902,16.993423,15.5359745,27.850512,20.61453
1.0,0.0,16.12017,16.774824,32.65265,21.390238,17.075119,15.513549,27.587004,20.583956
1.0,0.0,16.608944,16.754864,32.587845,21.400814,17.075119,15.513549,27.587004,20.583956
1.0,0.0,16.270638,16.694223,32.544647,21.425217,17.289652,15.5118885,27.387703,20.58317
1.0,0.0,16.93697,16.69062,32.58535,21.455158,17.289652,15.5118885,27.387703,20.58317
1.0,0.0,16.467352,16.60917,32.28659,21.473349,17.316563,15.4826,27.051193,20.540443
1.0,0.0,16.742975,16.564022,32.810867,21.440182,17.316563,15.4826,27.051193,20.540443
1.0,0.0,16.725468,16.547703,32.424286,21.388565,17.428118,15.42305,26.706667,20.469234
1.0,0.0,16.770731,16.54595,31.987938,21.421488,17.428118,15.42305,26.706667,20.469234
1.0,0.0,16.650898,16.388512,33.410736,21.270271,17.406538,15.340336,26.307276,20.366903
1.0,0.0,16.693695,16.320366,33.06393,21.067675,17.406538,15.340336,26.307276,20.366903
1.0,0.0,16.455544,16.215097,32.46476,20.739933,17.578377,15.3105955,26.171011,20.337301
1.0,0.0,16.677984,16.156816,30.991758,22.467766,17.578377,15.3105955,26.171011,20.337301
1.0,0.0,16.61333,16.10624,30.754543,22.361923,17.263521,15.179128,25.286608,20.157763
1.0,0.0,16.610977,16.081125,30.527494,22.278015,17.263521,15.179128,25.286608,20.157763
1.0,0.0,16.768408,15.941093,30.30579,22.181854,17.435268,14.906632,25.014761,19.87162
1.0,0.0,16.711617,15.740622,30.092804,22.080664,17.435268,14.906632,25.014761,19.87162
1.0,0.0,16.913412,15.049143,29.811386,21.957825,17.583012,14.632832,24.716839,19.584488
1.0,0.0,16.802792,13.567408,29.48366,21.812672,17.583012,14.632832,24.716839,19.584488
1.0,0.0,17.470474,13.504814,29.086287,21.64811,17.70671,14.629331,24.52946,19.578903
1.0,0.0,17.31682,13.442981,28.580929,21.441149,17.70671,14.629331,24.52946,19.578903
1.0,0.0,17.414951,13.40854,27.85809,21.136368,17.798077,14.094989,24.148626,19.02452
1.0,0.0,17.434114,13.323127,29.37937,20.104115,17.798077,14.094989,24.148626,19.02452
1.0,0.0,17.690641,13.266229,29.178835,21.072517,17.973671,13.868393,24.007263,18.796728
1.0,0.0,17.665604,13.194958,28.403502,19.575256,17.973671,13.868393,24.007263,18.796728
1.0,0.0,17.407623,13.168237,27.894287,19.571428,17.81329,14.015177,23.504982,18.924532
1.0,0.0,17.395592,13.107122,26.530972,19.714231,17.81329,14.015177,23.504982,18.924532
1.0,0.0,17.60952,13.151783,26.786331,20.03253,17.820147,13.956979,23.078827,18.85357
1.0,0.0,17.58799,13.21492,27.193005,21.918272,17.820147,13.956979,23.078827,18.85357
1.0,0.0,17.57736,13.144173,27.072596,21.733078,18.12047,13.90409,23.094173,18.809381
1.0,0.0,17.576996,13.089473,26.939644,21.497332,18.12047,13.90409,23.094173,18.809381
1.0,0.0,17.855078,12.985281,26.812756,21.1686,17.858292,13.681332,22.469296,18.560574
1.0,0.0,17.787725,12.93357,26.559307,20.583088,17.858292,13.681332,22.469296,18.560574
1.0,0.0,17.28774,12.8047905,25.611546,16.758345,18.140133,13.652687,22.4639,18.539375
1.0,0.0,17.280584,12.772874,25.5469,17.276947,17.82863,13.4600115,21.904463,18.324083
1.0,0.0,17.504942,12.833628,25.653137,20.294144,17.82863,13.4600115,21.904463,18.324083
1.0,0.0,17.42166,12.799085,25.410809,20.988857,17.767595,13.609806,21.435259,18.460918
1.0,0.0,17.067284,12.595557,24.067375,18.340803,17.767595,13.609806,21.435259,18.460918
1.0,0.0,17.261293,12.411875,20.852654,19.409399,17.743061,13.442264,20.994993,18.283241
1.0,0.0,17.13986,12.348288,27.41283,18.02187,17.743061,13.442264,20.994993,18.283241
1.0,0.0,17.915146,11.759485,22.940226,20.544046,17.775728,13.566443,20.732378,18.402206
1.0,0.0,17.769875,13.652124,22.528072,16.615099,17.775728,13.566443,20.732378,18.402206
1.0,0.0,17.600695,13.259687,22.39808,16.913681,18.058142,13.361206,20.617718,18.201231
1.0,0.0,17.51189,13.136563,22.417927,17.967125,18.058142,13.361206,20.617718,18.201231
1.0,0.0,17.87292,13.144069,22.283142,19.115412,18.370089,13.809697,20.662598,18.65754
1.0,0.0,17.952923,13.142885,22.092573,19.05447,18.370089,13.809697,20.662598,18.65754
1.0,0.0,18.553078,13.111068,21.905052,18.855366,18.872278,13.730639,20.880571,18.595278
1.0,0.0,18.660116,13.066135,21.761057,18.774448,18.872278,13.730639,20.880571,18.595278
1.0,0.0,19.093885,12.992275,21.721888,18.642529,19.240894,13.416164,20.841738,18.289215
1.0,0.0,19.322983,12.932447,21.655363,18.560917,19.240894,13.416164,20.841738,18.289215
1.0,0.0,19.4196,12.79488,21.571465,18.501669,19.182682,13.292794,20.473282,18.155785
1.0,0.0,19.36892,12.668883,21.558891,18.539946,19.182682,13.292794,20.473282,18.155785
1.0,0.0,19.479193,12.318487,21.329763,18.507364,19.294674,13.05403,20.275587,17.91738
1.0,0.0,19.394768,11.606313,21.277374,18.689539,19.294674,13.05403,20.275587,17.91738
1.0,0.0,19.385517,12.012061,20.959152,18.500301,19.33135,12.788935,20.001774,17.65104
1.0,0.0,19.343489,11.037376,22.479229,18.199306,19.430233,12.786589,19.90278,17.648714
1.0,0.0,19.353062,11.435244,22.209312,17.79691,19.430233,12.786589,19.90278,17.648714
1.0,0.0,19.404964,11.895275,22.128479,18.704792,19.30918,12.560749,19.476809,17.415709
1.0,0.0,19.58945,10.376366,21.718029,18.647028,19.30918,12.560749,19.476809,17.415709
1.0,0.0,19.632055,10.42234,20.724566,18.381996,19.240597,12.286621,19.007578,17.138374
1.0,0.0,19.38226,10.49919,20.603046,17.90525,19.240597,12.286621,19.007578,17.138374
1.0,0.0,19.457167,10.515751,20.101418,17.54279,19.144163,11.87807,18.607176,16.735703
1.0,0.0,19.556381,10.549039,19.998545,18.351368,19.144163,11.87807,18.607176,16.735703
1.0,0.0,19.505573,10.57082,19.673113,17.667248,19.48166,12.152338,18.559828,17.00454
1.0,0.0,19.69551,10.619064,19.845795,18.54073,19.48166,12.152338,18.559828,17.00454
1.0,0.0,19.638039,10.648104,19.560793,18.022375,19.486626,11.97754,18.269005,16.830994
1.0,0.0,19.865566,10.5727215,18.826044,15.806202,19.486626,11.97754,18.269005,16.830994
1.0,0.0,19.71976,10.5454235,18.667643,15.951421,19.423098,11.776364,17.912863,16.630981
1.0,0.0,19.706797,10.547047,18.542236,16.083986,19.423098,11.776364,17.912863,16.630981
1.0,0.0,20.012737,10.626667,18.334085,16.2413,19.639875,12.124211,17.847973,16.967152
1.0,0.0,19.96818,10.676462,18.081242,16.414314,19.639875,12.124211,17.847973,16.967152
1.0,0.0,19.875004,10.814816,16.853727,16.70023,19.542103,11.857843,17.458433,16.703268
1.0,0.0,19.739813,10.880115,16.9431,16.644943,19.542103,11.857843,17.458433,16.703268
1.0,0.0,19.930191,10.837972,17.1539,16.550428,19.733587,11.802009,17.258705,16.649683
1.0,0.0,19.82926,10.805763,17.727554,16.406784,19.733587,11.802009,17.258705,16.649683
1.0,0.0,20.236729,10.787699,17.935806,16.525015,19.90001,12.070757,17.143345,16.908108
1.0,0.0,20.038054,11.0185175,15.586668,17.056595,19.90001,12.070757,17.143345,16.908108
1.0,0.0,19.85005,11.017351,15.638413,17.157156,19.821922,12.009723,16.689407,16.841326
1.0,0.0,19.898256,11.001776,15.679334,17.202822,19.821922,12.009723,16.689407,16.841326
1.0,0.0,20.300926,10.91172,15.662116,17.222399,20.07846,11.848359,16.547823,16.688253
1.0,0.0,20.223194,10.888065,15.673044,17.24541,20.07846,11.848359,16.547823,16.688253
1.0,0.0,20.453695,10.854882,15.6424055,17.261316,20.272398,11.67082,16.439562,16.52
1.0,0.0,20.345215,10.862679,15.642556,17.260681,20.272398,11.67082,16.439562,16.52
1.0,0.0,20.573442,10.806765,15.437547,17.302269,20.403301,11.43778,16.175438,16.296688
1.0,0.0,20.485695,10.803643,15.58356,17.22882,20.403301,11.43778,16.175438,16.296688
1.0,0.0,20.478199,10.798031,15.158457,17.292343,20.480453,11.212722,15.95508,16.082127
1.0,0.0,20.5727,10.426224,17.716051,16.386831,20.480453,11.212722,15.95508,16.082127
1.0,0.0,20.826523,10.822343,12.170879,16.981783,20.499296,10.97693,15.680087,15.857307
1.0,0.0,20.624344,10.766109,14.278209,22.785631,20.499296,10.97693,15.680087,15.857307
1.0,0.0,20.736008,10.768129,13.964539,22.685003,20.367496,10.887276,15.274185,15.766956
1.0,0.0,20.822624,10.849789,13.235504,22.588234,20.367496,10.887276,15.274185,15.766956
1.0,0.0,20.80331,10.793104,14.7824955,22.14672,20.540524,10.61593,15.045609,15.513758
1.0,0.0,20.876196,10.836149,14.663388,21.68938,20.540524,10.61593,15.045609,15.513758
1.0,0.0,20.96784,10.818041,13.730822,18.2427,20.60541,10.459216,14.723459,15.36592
1.0,0.0,20.860378,10.847317,13.703991,18.12566,20.60541,10.459216,14.723459,15.36592
1.0,0.0,21.31337,10.893066,13.713734,17.993185,20.843601,10.27929,14.650538,15.201711
1.0,0.0,21.345276,10.90715,13.733435,17.901836,20.843601,10.27929,14.650538,15.201711
1.0,0.0,21.269445,10.900186,13.71464,17.819433,20.915522,10.568308,14.45638,15.467153
1.0,0.0,21.279057,10.877222,13.699158,17.744019,20.915522,10.568308,14.45638,15.467153
1.0,0.0,21.352718,10.817698,13.64195,17.721249,21.012325,10.854448,14.191928,15.731414
1.0,0.0,21.356829,10.751114,13.585673,17.693045,21.012325,10.854448,14.191928,15.731414
1.0,0.0,21.508617,10.643566,13.521762,17.671284,21.14865,10.852919,14.038603,15.729771
1.0,0.0,21.546911,10.511651,13.466548,17.637945,21.14865,10.852919,14.038603,15.729771
1.0,0.0,21.692627,10.374115,13.3892,17.635286,21.197523,11.128758,13.822659,15.986367
1.0,0.0,21.715775,10.225039,13.355806,17.62678,21.197523,11.128758,13.822659,15.986367
1.0,0.0,21.7473,10.08338,13.330975,17.613136,21.28464,11.410701,13.548997,16.25042
1.0,0.0,21.765352,9.925335,13.299422,17.586704,21.28464,11.410701,13.548997,16.25042
1.0,0.0,22.01411,9.823881,13.231221,17.60853,21.346634,11.671673,13.34282,16.496845
1.0,0.0,22.025394,9.676115,13.159489,17.621208,21.346634,11.671673,13.34282,16.496845
1.0,0.0,22.21793,9.703076,13.0236435,17.634119,21.374903,11.955271,13.01272,16.765446
1.0,0.0,22.227192,9.747731,12.826834,17.616499,21.374903,11.955271,13.01272,16.765446
1.0,0.0,22.136751,9.90142,12.3178625,17.589386,21.397636,12.234985,12.768117,17.033043
1.0,0.0,22.095146,10.090784,9.576372,17.592133,21.397636,12.234985,12.768117,17.033043
1.0,0.0,21.991112,10.275628,9.604204,18.34655,21.335915,12.503992,12.441177,17.291313
1.0,0.0,21.961432,10.399796,9.494887,18.36737,21.335915,12.503992,12.441177,17.291313
1.0,0.0,21.927498,10.517379,9.289635,18.397839,21.351086,12.689753,12.088397,17.470642
1.0,0.0,21.922504,10.679571,8.826891,18.506804,21.351086,12.689753,12.088397,17.470642
1.0,0.0,21.956112,10.799473,8.995703,18.684334,21.306631,12.882823,11.76993,17.658268
1.0,0.0,21.902264,10.995218,7.7489824,18.95845,21.306631,12.882823,11.76993,17.658268
1.0,0.0,22.034336,11.134198,8.5012245,21.456272,21.301361,13.003194,11.391258,17.775541
1.0,0.0,21.730078,11.377444,8.125397,18.932068,21.301361,13.003194,11.391258,17.775541
1.0,0.0,22.139229,11.676649,9.26092,21.154314,21.410997,12.954081,11.214472,17.727083
1.0,0.0,21.895689,12.781256,9.191626,19.876268,21.410997,12.954081,11.214472,17.727083
1.0,0.0,21.982924,12.430913,7.037552,20.375107,21.403433,13.055133,10.9255295,17.826147
1.0,0.0,22.117249,10.817693,7.023859,20.410652,21.403433,13.055133,10.9255295,17.826147
1.0,0.0,21.900774,10.949836,6.9959526,20.360535,21.334185,12.97419,10.475538,17.7464
1.0,0.0,21.939093,11.048973,6.9605894,20.306345,21.334185,12.97419,10.475538,17.7464
1.0,0.0,21.755478,11.212084,6.780118,20.214233,21.237558,13.0896225,10.093114,17.86083
1.0,0.0,21.764036,11.392252,6.4327126,20.114853,21.237558,13.0896225,10.093114,17.86083
1.0,0.0,21.922268,11.805069,5.325923,20.015228,21.328926,13.16401,9.898306,17.934528
1.0,0.0,21.939798,13.411587,5.827318,19.847605,21.328926,13.16401,9.898306,17.934528
1.0,0.0,21.806463,13.421045,6.0951824,20.10056,21.18557,13.3262825,9.461915,18.097265
1.0,0.0,21.859348,13.470175,5.100011,19.988335,21.18557,13.3262825,9.461915,18.097265
1.0,0.0,21.552124,13.454103,5.1644306,20.004803,21.102213,13.208139,8.98386,17.983238
1.0,0.0,21.559685,13.484602,5.22805,20.026363,21.102213,13.208139,8.98386,17.983238
1.0,0.0,21.345295,13.446034,5.189122,20.04871,20.988348,13.105983,8.566698,17.886124
1.0,0.0,21.377287,13.445667,5.1537895,20.06134,20.988348,13.105983,8.566698,17.886124
1.0,0.0,21.718533,13.436052,5.0994263,20.106064,21.14008,13.16182,8.432209,17.941105
1.0,0.0,21.304487,13.328222,5.0139084,20.029627,21.14008,13.16182,8.432209,17.941105
1.0,0.0,21.371162,13.268945,4.9249372,19.955582,20.978132,13.100655,7.9571996,17.886438
1.0,0.0,21.315783,13.17998,4.8175507,19.760582,20.978132,13.100655,7.9571996,17.886438
1.0,0.0,21.404364,13.099219,4.672823,19.466354,20.932533,13.139195,7.5028777,17.92984
1.0,0.0,21.468262,12.894646,4.864812,23.236126,20.932533,13.139195,7.5028777,17.92984
1.0,0.0,21.2436,12.37051,4.7584114,23.09951,21.00642,13.227521,7.280045,18.018862
1.0,0.0,21.007257,12.900343,4.6730585,22.906097,21.00642,13.227521,7.280045,18.018862
1.0,0.0,21.03799,12.560289,4.472147,22.731201,20.897083,13.472528,6.844745,18.268972
1.0,0.0,20.961533,12.892527,3.9922304,22.318512,20.897083,13.472528,6.844745,18.268972
1.0,0.0,20.959589,12.899332,2.232048,20.196507,20.754168,13.650503,6.337225,18.45605
1.0,0.0,21.025738,12.944231,0.69618416,20.071762,20.754168,13.650503,6.337225,18.45605
1.0,0.0,21.0638,12.899271,0.71693325,20.070314,20.64216,13.712072,6.5183063,18.516628
1.0,0.0,20.273418,13.056013,0.7481184,20.011272,20.64216,13.712072,6.5183063,18.516628
1.0,0.0,20.294418,13.142749,0.77640915,20.008009,20.223913,13.9742985,6.3278522,18.79021
1.0,0.0,19.882072,13.230968,0.8434267,19.995869,20.223913,13.9742985,6.3278522,18.79021
1.0,0.0,19.803347,13.318037,0.9328079,20.011347,19.76636,14.323646,6.182296,19.155237
1.0,0.0,19.392147,13.3778105,1.0213776,19.990273,19.76636,14.323646,6.182296,19.155237
1.0,0.0,19.337778,13.471564,1.1009274,19.992086,19.490206,14.632606,6.1455,19.477175
1.0,0.0,18.93973,13.581142,1.1951313,19.99272,19.490206,14.632606,6.1455,19.477175
1.0,0.0,18.863693,13.712277,1.3026419,20.005795,19.18892,15.0122,6.175271,19.874285
1.0,0.0,18.756977,13.898605,1.4556265,20.059828,19.18892,15.0122,6.175271,19.874285
1.0,0.0,18.786362,14.141027,1.6487732,20.118666,18.976063,15.307519,6.319075,20.183094
1.0,0.0,18.577438,14.672358,1.9422531,20.267635,18.976063,15.307519,6.319075,20.183094
1.0,0.0,18.478022,16.712896,2.3134022,20.584547,18.836092,15.518729,6.4511337,20.404566
1.0,0.0,18.205654,16.70245,2.791915,20.939478,18.836092,15.518729,6.4511337,20.404566
1.0,0.0,18.195665,16.865324,0.5090828,21.391745,18.700583,15.611189,6.601401,20.501595
1.0,0.0,18.03348,16.73823,0.72340775,26.704596,18.700583,15.611189,6.601401,20.501595
1.0,0.0,18.01222,16.776373,0.67618847,25.879667,18.548422,15.379417,6.8753076,20.25591
1.0,0.0,18.082237,16.800768,1.5438557,25.905615,18.548422,15.379417,6.8753076,20.25591
1.0,0.0,17.976185,16.858044,1.1000376,25.718037,18.382692,15.094146,7.133883,19.956718
1.0,0.0,17.7564,16.958078,0.15625286,25.371883,18.382692,15.094146,7.133883,19.956718
1.0,0.0,17.85441,17.005247,1.0806084,25.068409,18.268463,14.901118,7.3354836,19.755028
1.0,0.0,17.66868,16.991821,2.083952,22.646265,18.268463,14.901118,7.3354836,19.755028
1.0,0.0,17.686447,16.98488,2.2055807,22.571415,18.075592,14.898471,7.5334253,19.7523
1.0,0.0,17.449497,17.000729,2.3152275,22.489967,18.075592,14.898471,7.5334253,19.7523
1.0,0.0,17.435522,17.022276,2.4169846,22.403599,17.99261,14.713316,7.7691517,19.558397
1.0,0.0,17.343866,17.070324,2.5569925,22.227467,17.99261,14.713316,7.7691517,19.558397
1.0,0.0,17.29288,17.107153,2.7526236,21.974876,17.837925,14.558892,8.022015,19.398035
1.0,0.0,17.16507,17.166088,3.2542381,20.873632,17.837925,14.558892,8.022015,19.398035
1.0,0.0,17.047588,17.227325,2.5970573,20.956179,17.733088,14.402822,8.226078,19.236599
1.0,0.0,16.987257,17.259398,4.1226597,22.145727,17.733088,14.402822,8.226078,19.236599
1.0,0.0,16.979769,17.267952,3.0784206,21.03629,17.605854,14.408131,8.393565,19.241283
1.0,0.0,16.832859,17.382452,2.8420763,21.50917,17.605854,14.408131,8.393565,19.241283
1.0,0.0,16.871143,17.319473,4.1372595,21.476227,17.497375,14.258551,8.591307,19.087282
1.0,0.0,16.800642,17.280548,4.3417025,22.99292,17.497375,14.258551,8.591307,19.087282
1.0,0.0,16.762033,17.233223,3.8506966,22.74901,17.336134,14.131749,8.83057,18.957178
1.0,0.0,16.451736,17.234735,4.7289276,22.625631,17.336134,14.131749,8.83057,18.957178
1.0,0.0,16.297035,17.293125,4.4791965,22.271759,17.187292,14.149406,8.972187,18.97524
1.0,0.0,16.131145,17.388283,4.1777306,20.933233,17.187292,14.149406,8.972187,18.97524
1.0,0.0,16.093485,17.564812,4.324394,20.999905,17.06214,14.057481,9.249551,18.879374
1.0,0.0,16.092382,17.72567,4.483384,21.103552,17.06214,14.057481,9.249551,18.879374
1.0,0.0,16.123,17.625824,4.6400557,21.277851,16.962656,13.935839,9.555439,18.752853
1.0,0.0,16.003975,17.786673,4.8772516,21.863375,16.962656,13.935839,9.555439,18.752853
1.0,0.0,16.012606,17.600248,4.815962,19.359032,16.844677,13.836554,9.837948,18.650036
1.0,0.0,15.7883005,17.628538,6.0077925,28.546186,16.844677,13.836554,9.837948,18.650036
1.0,0.0,15.862638,17.547771,5.260502,28.115017,16.792086,13.674856,10.091292,18.484398
1.0,0.0,15.9058275,17.656044,6.6592197,26.795116,16.792086,13.674856,10.091292,18.484398
1.0,0.0,15.939534,17.54074,7.0703135,27.004028,16.672583,13.59175,10.368551,18.398697
1.0,0.0,15.762263,17.596895,7.661273,27.299458,16.672583,13.59175,10.368551,18.398697
1.0,0.0,15.838919,17.520647,8.309417,24.923826,16.509832,13.6153145,10.494039,18.422857
1.0,0.0,15.923339,17.559393,6.5601254,20.66357,16.509832,13.6153145,10.494039,18.422857
1.0,0.0,15.684658,17.66039,8.254543,20.779907,16.430199,13.539891,10.71233,18.345303
1.0,0.0,15.538752,17.71413,8.404644,20.667465,16.430199,13.539891,10.71233,18.345303
1.0,0.0,15.664648,17.637222,8.499793,20.592905,16.308668,13.477834,10.884633,18.282625
1.0,0.0,15.591788,17.746767,8.688378,20.49631,16.308668,13.477834,10.884633,18.282625
1.0,0.0,15.606395,17.702154,8.871731,20.398247,16.16303,13.408956,11.131025,18.2125
1.0,0.0,15.52887,17.773483,9.222217,20.308586,16.16303,13.408956,11.131025,18.2125
1.0,0.0,15.518984,17.681807,9.24606,20.275864,16.036999,13.31354,11.398169,18.115582
1.0,0.0,15.484943,17.698332,9.409601,20.189106,16.036999,13.31354,11.398169,18.115582
1.0,0.0,15.485662,17.685751,8.280211,20.399376,15.901666,13.236823,11.555233,18.039206
1.0,0.0,15.432064,17.975225,8.6746235,20.343616,15.901666,13.236823,11.555233,18.039206
1.0,0.0,15.290888,17.68084,9.169167,20.244692,15.755559,13.152889,11.701129,17.95617
1.0,0.0,15.048937,17.720171,11.049463,19.822245,15.755559,13.152889,11.701129,17.95617
1.0,0.0,14.815159,17.491863,10.965487,19.535862,15.761344,13.016472,12.005844,17.817167
1.0,0.0,14.613711,17.391533,11.106654,20.137781,15.761344,13.016472,12.005844,17.817167
1.0,0.0,14.422284,17.339794,11.107756,20.140705,15.420206,12.968304,12.047105,17.774002
1.0,0.0,14.073229,17.345531,11.10939,20.009798,15.420206,12.968304,12.047105,17.774002
1.0,0.0,13.657019,17.173195,11.057546,19.709269,15.219478,12.854227,12.137577,17.663578
1.0,0.0,13.476112,17.110523,11.071749,18.962318,15.219478,12.854227,12.137577,17.663578
1.0,0.0,13.141939,16.798529,11.654072,21.570648,14.974573,12.683302,12.184721,17.499308
1.0,0.0,13.156609,16.876173,10.414874,15.962842,14.974573,12.683302,12.184721,17.499308
1.0,0.0,12.979295,16.64365,10.595785,15.589059,14.796712,12.560239,12.398041,17.378729
1.0,0.0,12.889605,16.356379,10.821843,14.634503,14.796712,12.560239,12.398041,17.378729
1.0,0.0,13.034427,15.990527,10.965836,14.766579,14.797681,12.986139,12.681395,17.791304
1.0,0.0,13.022936,15.221941,11.148999,14.399766,14.797681,12.986139,12.681395,17.791304
1.0,0.0,12.956469,12.704255,11.450054,14.515854,14.630196,12.793497,12.808708,17.60275
1.0,0.0,13.179934,12.037373,11.4615555,13.604806,14.630196,12.793497,12.808708,17.60275
1.0,0.0,13.094695,12.910925,11.590828,13.491663,14.58203,13.070128,13.04458,17.871897
1.0,0.0,13.064911,12.72408,11.685587,13.443978,14.58203,13.070128,13.04458,17.871897
1.0,0.0,13.010826,12.452053,11.768217,13.409853,14.547047,13.373922,13.389425,18.168444
1.0,0.0,13.017069,12.982563,11.901358,13.320851,14.547047,13.373922,13.389425,18.168444
1.0,0.0,13.159531,12.909745,11.99976,13.257601,14.561469,13.623293,13.688092,18.41313
1.0,0.0,12.98712,13.07518,12.097621,13.20426,14.561469,13.623293,13.688092,18.41313
1.0,0.0,13.124455,13.113316,12.209616,13.147653,14.539993,13.877653,14.046784,18.664484
1.0,0.0,13.064461,13.192395,12.32364,13.116936,14.539993,13.877653,14.046784,18.664484
1.0,0.0,13.092908,13.254846,12.435787,13.078927,14.6285925,14.120608,14.323838,18.906034
1.0,0.0,13.157512,13.303861,12.552626,13.0479145,14.6285925,14.120608,14.323838,18.906034
1.0,0.0,13.181955,13.35746,12.664017,13.013903,14.697169,14.343024,14.677969,19.128124
1.0,0.0,13.360481,13.401516,12.776237,12.983625,14.697169,14.343024,14.677969,19.128124
1.0,0.0,13.293369,13.433783,12.869085,12.972895,14.739875,14.544289,15.103099,19.3301
1.0,0.0,13.300737,13.468205,12.970812,12.968118,14.739875,14.544289,15.103099,19.3301
1.0,0.0,13.296224,13.506166,13.074712,12.964066,14.8371315,14.737361,15.487959,19.525343
1.0,0.0,13.121831,13.534418,13.179952,12.975052,14.8371315,14.737361,15.487959,19.525343
1.0,0.0,13.16909,13.579662,13.291571,12.974209,14.707087,14.721798,15.645226,19.509182
1.0,0.0,12.979037,13.630382,13.414414,12.99859,14.707087,14.721798,15.645226,19.509182
1.0,0.0,13.001205,13.671374,13.536647,13.020954,14.783549,14.875464,16.106464,19.665192
1.0,0.0,13.031906,13.72205,13.673292,13.057849,14.783549,14.875464,16.106464,19.665192
1.0,0.0,12.970557,13.755596,13.809314,13.101027,14.603393,14.848648,16.308966,19.637419
1.0,0.0,13.154421,13.786493,13.970345,13.155859,14.603393,14.848648,16.308966,19.637419
1.0,0.0,13.124139,13.823751,14.114712,13.206959,14.724007,14.980266,16.719938,19.77209
1.0,0.0,13.311712,13.938366,14.240285,13.254238,14.724007,14.980266,16.719938,19.77209
1.0,0.0,13.350201,14.043435,14.3579,13.306892,14.787638,15.074148,17.170847,19.868946
1.0,0.0,13.413222,14.214653,14.511132,13.3841095,14.787638,15.074148,17.170847,19.868946
1.0,0.0,13.519717,14.372701,14.593052,13.41331,14.8525305,15.158604,17.624702,19.9571
1.0,0.0,13.717335,14.59259,14.555704,13.371166,14.8525305,15.158604,17.624702,19.9571
1.0,0.0,13.766418,15.363098,14.5446615,13.410122,14.954779,15.227923,18.021723,20.030485
1.0,0.0,13.808971,16.002054,14.087863,13.040478,14.954779,15.227923,18.021723,20.030485
1.0,0.0,13.928408,15.86404,14.08867,12.997778,15.032474,15.28668,18.492666,20.094023
1.0,0.0,14.022915,15.65021,14.107493,12.937178,15.032474,15.28668,18.492666,20.094023
1.0,0.0,13.9413395,15.721962,14.095009,12.871265,15.153045,15.409891,18.915274,20.226099
1.0,0.0,14.145319,15.851166,14.049824,12.800778,15.153045,15.409891,18.915274,20.226099
1.0,0.0,14.128415,15.831513,14.070353,12.77106,15.231478,15.563774,19.397274,20.391962
1.0,0.0,14.265718,16.10297,14.0308075,12.712034,15.231478,15.563774,19.397274,20.391962
1.0,0.0,14.229652,16.219868,14.03547,12.682098,15.356228,15.720704,19.83444,20.562757
1.0,0.0,14.23415,16.268637,14.04718,12.660232,15.356228,15.720704,19.83444,20.562757
1.0,0.0,14.219023,16.395536,14.020672,12.6181755,15.435402,15.915154,20.330503,20.775251
1.0,0.0,14.210796,16.461624,14.0180645,12.600433,15.435402,15.915154,20.330503,20.775251
1.0,0.0,14.018251,16.47825,14.041954,12.5968275,15.247673,15.945141,20.532368,20.807209
1.0,0.0,14.073746,16.48205,14.047721,12.582881,15.247673,15.945141,20.532368,20.807209
1.0,0.0,14.259353,16.524391,14.038631,12.558561,15.374542,16.154009,20.989153,21.037569
1.0,0.0,14.180814,16.545778,14.047414,12.5452175,15.374542,16.154009,20.989153,21.037569
1.0,0.0,14.496418,16.599104,14.043243,12.527231,15.561617,16.483234,21.634705,21.403969
1.0,0.0,14.349759,16.676977,14.054003,12.523961,15.561617,16.483234,21.634705,21.403969
1.0,0.0,14.0013485,16.685635,14.095702,12.537956,15.268333,16.422844,21.715315,21.335218
1.0,0.0,14.030513,16.649868,14.101304,12.538464,15.268333,16.422844,21.715315,21.335218
1.0,0.0,14.290018,16.647886,14.103636,12.528711,15.347665,16.685223,22.247755,21.629131
1.0,0.0,14.273899,16.689333,14.132057,12.5385895,15.347665,16.685223,22.247755,21.629131
1.0,0.0,14.406466,16.727262,14.162279,12.548248,15.553272,17.025955,22.841656,22.015808
1.0,0.0,14.369168,16.814068,14.181228,12.559231,15.553272,17.025955,22.841656,22.015808
1.0,0.0,14.640372,16.901672,14.193858,12.567266,15.628093,17.293655,23.397024,22.323404
1.0,0.0,14.611182,16.99121,14.225482,12.593241,15.628093,17.293655,23.397024,22.323404
1.0,0.0,14.484653,17.082075,14.258891,12.618648,15.45353,17.303873,23.627422,22.335705
1.0,0.0,14.485226,17.22618,14.255838,12.655045,15.45353,17.303873,23.627422,22.335705
1.0,0.0,14.468117,17.497456,14.248959,12.703083,15.580025,17.57395,24.15314,22.650099
1.0,0.0,14.34924,18.134766,14.255774,12.754332,15.580025,17.57395,24.15314,22.650099
1.0,0.0,14.514748,20.738897,14.236533,12.723131,15.690266,17.91904,24.914925,23.05795
1.0,0.0,14.371345,20.509182,14.23296,12.727788,15.690266,17.91904,24.914925,23.05795
1.0,0.0,14.427241,20.449297,14.227158,12.712599,15.776373,18.19404,25.542341,23.38779
1.0,0.0,14.406396,20.414804,14.222525,12.69842,15.776373,18.19404,25.542341,23.38779
1.0,0.0,14.680121,20.537825,14.230262,12.689212,15.980423,18.536654,26.24201,23.804905
1.0,0.0,14.603659,20.654999,14.235343,12.686292,15.980423,18.536654,26.24201,23.804905
1.0,0.0,14.391262,20.799507,14.232066,12.676772,15.7273855,18.47371,26.371773,23.7286
1.0,0.0,14.356304,21.121414,14.232725,12.662508,15.7273855,18.47371,26.371773,23.7286
1.0,0.0,14.473895,21.59701,14.251032,12.718632,15.930847,18.820736,27.101791,24.156902
1.0,0.0,14.724616,20.041187,14.242703,12.69198,15.930847,18.820736,27.101791,24.156902
1.0,0.0,14.339316,20.103865,14.226775,12.675744,15.679834,18.753614,27.233643,24.074984
1.0,0.0,14.43256,20.200443,14.219712,12.667708,15.679834,18.753614,27.233643,24.074984
1.0,0.0,14.4828,20.379822,14.217719,12.663803,15.814435,19.031818,27.878075,24.423075
1.0,0.0,14.431805,20.611317,14.22509,12.661251,15.814435,19.031818,27.878075,24.423075
1.0,0.0,14.62006,21.316444,14.260051,12.669831,15.97414,19.386398,28.738844,24.873966
1.0,0.0,14.258,23.492168,14.265066,12.693486,15.97414,19.386398,28.738844,24.873966
1.0,0.0,14.812066,23.389826,14.285099,12.724922,16.103304,19.666924,29.430727,25.236307
1.0,0.0,14.891056,23.308567,14.310859,12.743785,16.103304,19.666924,29.430727,25.236307
1.0,0.0,15.033653,23.260136,14.337191,12.761047,16.263868,20.022987,30.36946,25.705238
1.0,0.0,15.036842,23.21222,14.357419,12.769377,16.263868,20.022987,30.36946,25.705238
1.0,0.0,15.097675,23.187141,14.381083,12.781912,16.391367,20.306639,31.123562,26.084524
