1.0,0.0,-0.78886795,15.499128,36.69831,16.699009,4.0829067,16.0,27.917093,16.0
1.0,0.0,8.44879,16.308908,36.472553,16.63724,4.0829067,16.0,27.917093,16.0
1.0,0.0,9.304119,18.678663,36.547714,16.556938,4.368105,16.069935,28.20634,16.069935
1.0,0.0,8.678743,13.63915,36.500687,16.54544,4.368105,16.069935,28.20634,16.069935
1.0,0.0,11.293573,15.912175,35.865734,16.21958,3.9981222,15.804988,27.833887,15.804988
1.0,0.0,14.119717,12.252423,34.517456,15.538156,3.9981222,15.804988,27.833887,15.804988
1.0,0.0,11.014109,-2.4977818,36.61608,18.200584,3.6217027,15.720829,27.468203,15.720829
1.0,0.0,11.957684,4.670374,34.221603,-12.097969,3.6217027,15.720829,27.468203,15.720829
1.0,0.0,11.91061,6.757222,37.106163,-19.967228,3.9448397,15.9872875,27.779924,15.9872875
1.0,0.0,10.953959,6.993332,35.004242,-20.298244,3.9448397,15.9872875,27.779924,15.9872875
1.0,0.0,14.010891,7.3024883,39.646946,-20.139244,4.127406,15.72212,27.964222,15.72212
1.0,0.0,9.890728,8.659974,41.219555,-19.999096,4.127406,15.72212,27.964222,15.72212
1.0,0.0,11.06385,-4.6550636,44.115807,-19.661366,3.8738077,15.455261,27.719666,15.455261
1.0,0.0,14.241131,-7.8713036,43.07222,-19.88137,3.8738077,15.455261,27.719666,15.455261
1.0,0.0,12.766121,-7.454521,40.02474,-20.266079,4.0262403,15.72232,27.863098,15.72232
1.0,0.0,12.188659,-2.5647316,42.796425,-20.230057,4.0262403,15.72232,27.863098,15.72232
1.0,0.0,12.9513645,6.7049017,39.73951,-20.896091,4.017124,15.950971,27.851593,15.950971
1.0,0.0,16.068052,4.866125,41.38935,-20.685703,4.017124,15.950971,27.851593,15.950971
1.0,0.0,16.476553,11.507523,41.7818,-20.600166,4.032234,15.684075,27.869804,15.684075
1.0,0.0,16.389215,22.488663,44.596474,-19.961327,4.032234,15.684075,27.869804,15.684075
1.0,0.0,14.583469,19.259977,43.336098,-20.402779,3.6510036,15.5371475,27.500689,15.5371475
1.0,0.0,13.879358,18.947376,41.196068,-20.662708,3.6510036,15.5371475,27.500689,15.5371475
1.0,0.0,11.763342,15.553917,45.005714,-20.441204,3.7759442,15.804518,27.615744,15.804518
1.0,0.0,14.163114,3.1676426,44.769848,-20.256416,3.7759442,15.804518,27.615744,15.804518
1.0,0.0,12.933933,-2.116663,44.14245,-20.279099,4.1481237,16.071526,27.98268,16.071526
1.0,0.0,12.811136,7.2357836,43.732967,-20.33807,4.1481237,16.071526,27.98268,16.071526
1.0,0.0,15.135604,9.242076,42.510406,-20.378849,4.3233075,16.338335,28.164043,16.338335
1.0,0.0,15.5602255,3.2414694,41.195244,-20.520283,4.3233075,16.338335,28.164043,16.338335
1.0,0.0,16.216139,-1.1812935,41.60707,-20.314686,4.079715,16.072802,27.914076,16.072802
1.0,0.0,15.071349,-6.247759,39.75933,-20.205177,4.079715,16.072802,27.914076,16.072802
1.0,0.0,15.632154,-0.493248,42.20897,-20.105064,3.702585,16.339481,27.54718,16.339481
1.0,0.0,15.934868,-5.238497,39.630737,-20.211903,3.702585,16.339481,27.54718,16.339481
1.0,0.0,20.156979,-9.053528,41.030334,-19.800964,3.4646626,16.040628,27.31641,16.040628
1.0,0.0,20.831867,-13.034641,40.332275,-19.773151,3.4646626,16.040628,27.31641,16.040628
1.0,0.0,20.767763,-13.309628,40.572124,-19.57996,3.0788755,16.307373,26.961391,16.307373
1.0,0.0,20.619946,-13.264368,39.836987,-19.526562,3.0788755,16.307373,26.961391,16.307373
1.0,0.0,18.672962,-13.411776,40.401497,-19.25742,2.615115,16.668404,26.557962,16.668404
1.0,0.0,19.593662,-13.8222885,40.657608,-19.025257,2.615115,16.668404,26.557962,16.668404
1.0,0.0,19.404907,-13.986883,40.358242,-18.892727,2.8241282,16.936958,26.75595,16.936958
1.0,0.0,20.265053,-14.049923,40.394432,-18.661285,2.8241282,16.936958,26.75595,16.936958
1.0,0.0,19.255222,-14.134998,40.62634,-18.38277,2.9094045,17.204163,26.850077,17.204163
1.0,0.0,19.931644,-13.998934,40.530052,-18.18443,2.9094045,17.204163,26.850077,17.204163
1.0,0.0,17.948679,-13.889614,40.37729,-17.998402,3.173608,17.56248,27.121801,17.56248
1.0,0.0,19.462006,-13.6069565,40.597565,-17.792908,3.173608,17.56248,27.121801,17.56248
1.0,0.0,19.686014,-13.661449,40.415863,-17.631916,3.543639,17.831518,27.498295,17.831518
1.0,0.0,19.517038,-13.729546,39.528553,-17.560013,3.543639,17.831518,27.498295,17.831518
1.0,0.0,19.501236,-13.734455,39.96389,-17.246613,2.892394,17.738409,26.883455,17.738409
1.0,0.0,19.590145,-13.678427,39.964493,-17.009132,2.892394,17.738409,26.883455,17.738409
1.0,0.0,19.440332,-13.633667,40.070923,-16.72694,2.9648123,18.00783,26.980242,18.00783
1.0,0.0,20.111553,-13.503889,39.933952,-16.430485,2.9648123,18.00783,26.980242,18.00783
1.0,0.0,18.473911,-13.401262,39.930717,-16.194733,2.9913664,18.277458,27.040283,18.277458
1.0,0.0,20.475832,-13.537092,40.112858,-15.849077,2.9913664,18.277458,27.040283,18.277458
1.0,0.0,18.786505,-13.339994,39.95105,-15.718006,3.193459,18.546383,27.266926,18.546383
1.0,0.0,19.270695,-13.301212,40.08049,-15.375875,3.193459,18.546383,27.266926,18.546383
1.0,0.0,20.121298,-13.315031,39.87409,-15.038216,2.9728441,18.819248,27.109024,18.819248
1.0,0.0,19.139349,-13.194195,39.53192,-14.833181,2.9728441,18.819248,27.109024,18.819248
1.0,0.0,20.293764,-13.167679,39.784195,-14.793613,2.405925,19.089218,26.651516,19.089218
1.0,0.0,18.949259,-12.947096,39.428436,-14.807871,2.405925,19.089218,26.651516,19.089218
1.0,0.0,19.047468,-13.146763,39.629074,-14.769775,2.3774433,19.361963,26.679684,19.361963
1.0,0.0,19.324677,-13.172768,39.919353,-14.62574,2.3774433,19.361963,26.679684,19.361963
1.0,0.0,19.79066,-13.172312,39.51936,-14.600929,2.69585,19.63869,27.020477,19.63869
1.0,0.0,17.93048,-13.088409,39.485184,-14.577854,2.69585,19.63869,27.020477,19.63869
1.0,0.0,18.896914,-13.451698,40.34953,-14.621143,2.549146,19.915268,26.95261,19.915268
1.0,0.0,18.486969,-13.191101,41.527313,-14.503899,2.549146,19.915268,26.95261,19.915268
1.0,0.0,20.808815,-13.678509,37.785454,-15.128456,2.6722977,20.192934,27.131437,20.192934
1.0,0.0,20.90755,-12.964075,39.535835,-14.989861,2.6722977,20.192934,27.131437,20.192934
1.0,0.0,22.104385,-12.638277,39.61377,-14.7904415,2.4726608,20.472012,27.025373,20.472012
1.0,0.0,22.235569,-12.510056,38.921104,-14.844131,2.4726608,20.472012,27.025373,20.472012
1.0,0.0,21.939125,-12.453835,38.824013,-14.761906,2.647332,20.848734,27.288708,20.848734
1.0,0.0,22.934282,-12.361551,39.33083,-14.390514,2.647332,20.848734,27.288708,20.848734
1.0,0.0,23.848219,-12.842894,38.929565,-14.382156,2.2449472,21.136053,27.014074,21.136053
1.0,0.0,23.851637,-12.367918,40.255196,-14.254381,2.2449472,21.136053,27.014074,21.136053
1.0,0.0,21.924143,-12.769688,38.393135,-14.762426,1.5998938,21.498425,26.571,21.498425
1.0,0.0,23.441446,-12.464441,39.52977,-14.44754,1.5998938,21.498425,26.571,21.498425
1.0,0.0,23.340374,-12.319374,39.928265,-14.359539,1.5858127,21.789854,26.65377,21.789854
1.0,0.0,24.52887,-12.808327,40.368263,-14.17581,1.5858127,21.789854,26.65377,21.789854
1.0,0.0,27.465117,-12.510073,37.62863,-14.765734,0.69551367,22.077099,26.023092,22.077099
1.0,0.0,33.730476,-12.1375065,37.33139,-14.697817,0.69551367,22.077099,26.023092,22.077099
1.0,0.0,30.961987,-11.262522,39.157738,-14.546019,0.16428913,22.370972,25.71109,22.370972
1.0,0.0,34.66485,-11.212692,36.747124,-14.781258,-0.52219594,22.746199,25.330786,22.746199
1.0,0.0,29.87595,-10.879711,37.775406,-14.954121,-0.52219594,22.746199,25.330786,22.746199
1.0,0.0,34.279366,-11.803801,35.06817,-14.769974,-1.0827076,23.044933,25.036444,23.044933
1.0,0.0,32.538765,-11.401936,41.28099,-14.282131,-1.0827076,23.044933,25.036444,23.044933
1.0,0.0,35.495728,-10.990974,39.294285,-14.1796665,-1.8811847,23.3912,24.614986,23.3912
1.0,0.0,29.657177,-11.350271,47.092625,-14.231201,-1.8811847,23.3912,24.614986,23.3912
1.0,0.0,35.86439,-12.013008,46.678856,-15.718643,-2.4921916,23.69913,24.32724,23.69913
1.0,0.0,37.641792,-11.981611,46.33474,-15.617737,-2.4921916,23.69913,24.32724,23.69913
1.0,0.0,37.809036,-11.7252865,46.41059,-15.48431,-3.361158,24.053078,23.913153,24.053078
1.0,0.0,37.14809,-11.656084,46.61133,-15.29517,-3.361158,24.053078,23.913153,24.053078
1.0,0.0,37.955032,-11.684074,46.398705,-15.262213,-4.0324664,24.36943,23.62839,24.36943
1.0,0.0,36.991325,-11.514418,46.616238,-14.927151,-4.0324664,24.36943,23.62839,24.36943
1.0,0.0,37.7999,-11.970188,46.3403,-14.927795,-4.7269483,24.688944,23.347193,24.688944
1.0,0.0,37.310673,-11.8228855,46.427383,-14.817526,-4.7269483,24.688944,23.347193,24.688944
1.0,0.0,37.855186,-11.704514,46.32186,-14.776344,-5.451459,25.012346,23.066381,25.012346
1.0,0.0,37.51861,-11.5084095,46.454983,-14.845261,-5.451459,25.012346,23.066381,25.012346
1.0,0.0,38.165756,-11.592054,46.345375,-14.9037,-6.2094846,25.34104,22.785313,25.34104
1.0,0.0,37.330048,-11.385483,46.499325,-14.792015,-6.2094846,25.34104,22.785313,25.34104
1.0,0.0,37.824455,-11.922449,46.31536,-14.832867,-6.995593,25.673466,22.506922,25.673466
1.0,0.0,37.170082,-11.794563,46.431572,-14.806936,-6.995593,25.673466,22.506922,25.673466
1.0,0.0,37.824,-11.595636,46.279,-14.789879,-7.8145566,26.008661,22.228886,26.008661
1.0,0.0,37.480663,-11.527443,46.29521,-14.628092,-7.8145566,26.008661,22.228886,26.008661
1.0,0.0,38.087418,-11.929012,46.10292,-14.760067,-8.676631,26.352173,21.949106,26.352173
1.0,0.0,37.00222,-11.806908,46.31859,-14.604979,-8.676631,26.352173,21.949106,26.352173
1.0,0.0,37.4747,-11.591934,46.156704,-14.647888,-9.580498,26.700258,21.66778,26.700258
1.0,0.0,37.954887,-11.626091,46.023445,-14.695431,-9.580498,26.700258,21.66778,26.700258
1.0,0.0,37.031387,-11.484518,46.23494,-14.547874,-10.0,27.0543,21.387783,27.0543
1.0,0.0,37.58066,-11.920099,46.01201,-14.740288,-10.0,27.0543,21.387783,27.0543
1.0,0.0,37.82799,-11.596102,45.910797,-14.866251,-10.0,27.412886,21.186684,27.412886
1.0,0.0,37.106407,-11.606884,46.01628,-14.622736,-10.0,27.412886,21.186684,27.412886
1.0,0.0,37.513157,-11.5540085,45.767315,-14.592388,-10.0,27.777666,20.902302,27.777666
1.0,0.0,37.86779,-11.748175,45.515152,-14.831879,-10.0,27.777666,20.902302,27.777666
1.0,0.0,36.925003,-11.514692,45.61108,-14.585588,-10.0,28.150202,20.616644,28.150202
1.0,0.0,37.22493,-11.912493,45.331966,-14.843826,-10.0,28.150202,20.616644,28.150202
1.0,0.0,37.639797,-11.515024,45.181717,-14.674913,-10.0,28.15077,20.718813,28.15077
1.0,0.0,36.576546,-11.643751,45.375973,-14.7720375,-10.0,28.15077,20.718813,28.15077
1.0,0.0,37.01709,-11.552755,45.059525,-14.493338,-10.0,28.524994,20.361658,28.524994
1.0,0.0,37.3619,-11.873709,44.81053,-14.587074,-10.0,28.524994,20.361658,28.524994
1.0,0.0,36.899475,-11.364166,44.75757,-14.323046,-10.0,28.911692,20.069765,28.911692
1.0,0.0,37.140495,-11.702772,44.39586,-14.442274,-10.0,28.911692,20.069765,28.911692
1.0,0.0,36.86101,-11.617891,44.366425,-14.333841,-10.0,29.303095,19.872528,29.303095
1.0,0.0,37.02147,-11.695696,44.096886,-14.357037,-10.0,29.303095,19.872528,29.303095
1.0,0.0,36.692444,-11.541128,44.189663,-14.16375,-10.0,29.701786,19.576464,29.701786
1.0,0.0,36.83625,-11.789415,43.932106,-14.228973,-10.0,29.701786,19.576464,29.701786
1.0,0.0,36.772987,-11.770172,43.90241,-14.256464,-10.0,30.10728,19.27254,30.10728
1.0,0.0,36.63556,-11.72978,43.897354,-14.199694,-10.0,30.10728,19.27254,30.10728
1.0,0.0,36.727203,-11.527678,43.86508,-14.254513,-10.0,30.635067,18.884981,30.635067
1.0,0.0,36.60547,-11.640482,43.841133,-14.146936,-10.0,30.635067,18.884981,30.635067
1.0,0.0,36.639725,-11.630943,43.657784,-14.130104,-10.0,31.065872,18.571047,31.065872
1.0,0.0,36.336758,-11.50803,43.614594,-13.983122,-10.0,31.065872,18.571047,31.065872
1.0,0.0,36.67006,-11.399319,43.315353,-13.978682,-10.0,31.50126,18.250668,31.50126
1.0,0.0,36.47521,-11.405445,43.175613,-13.9515915,-10.0,31.50126,18.250668,31.50126
1.0,0.0,36.553875,-11.450211,42.9646,-13.897736,-10.0,31.945507,17.928139,31.945507
1.0,0.0,36.263554,-11.363529,42.828423,-13.603201,-10.0,31.945507,17.928139,31.945507
1.0,0.0,36.38144,-11.205593,42.544487,-13.741182,-10.0,32.409878,17.599794,32.409878
1.0,0.0,36.083996,-11.158302,42.471085,-13.538303,-10.0,32.409878,17.599794,32.409878
1.0,0.0,36.038944,-11.178503,42.181328,-13.448616,-10.0,33.000076,17.170532,33.000076
1.0,0.0,36.13957,-11.136393,41.756897,-13.2054405,-10.0,33.000076,17.170532,33.000076
1.0,0.0,35.37988,-11.027958,40.71726,-13.005575,-10.0,33.489254,16.821236,33.489254
1.0,0.0,34.85533,-11.264795,40.905933,-12.933987,-10.0,33.489254,16.821236,33.489254
1.0,0.0,35.17508,-11.105434,40.063324,-12.894917,-10.0,33.981697,16.497494,33.981697
1.0,0.0,31.843462,-12.000505,44.713158,-14.022741,-10.0,33.981697,16.497494,33.981697
1.0,0.0,35.433018,-12.02483,44.090034,-15.35038,-10.0,34.489716,16.104801,34.489716
1.0,0.0,36.444553,-11.655525,43.91019,-15.062786,-10.0,34.489716,16.104801,34.489716
1.0,0.0,36.86165,-11.11253,43.723644,-14.581564,-10.0,35.136032,15.644063,35.136032
1.0,0.0,36.60357,-11.370417,43.864357,-14.401096,-10.0,35.136032,15.644063,35.136032
1.0,0.0,36.60707,-11.6826725,43.719097,-14.31489,-10.0,35.678192,15.852744,35.678192
1.0,0.0,36.4756,-11.526981,43.74051,-14.104294,-10.0,35.678192,15.852744,35.678192
1.0,0.0,36.887554,-11.466537,43.435978,-14.146408,-10.0,36.236725,15.464065,36.236725
1.0,0.0,36.37337,-11.432898,43.515663,-13.951855,-10.0,36.236725,15.464065,36.236725
1.0,0.0,36.774956,-11.527878,43.291267,-13.960131,-10.0,36.8142,15.058495,36.8142
1.0,0.0,36.345337,-11.440907,43.30972,-13.900421,-10.0,36.8142,15.058495,36.8142
1.0,0.0,36.583176,-11.529966,43.11644,-13.901672,-10.0,37.404022,14.646576,37.404022
1.0,0.0,36.39456,-11.451187,43.055283,-13.812458,-10.0,37.404022,14.646576,37.404022
1.0,0.0,36.51525,-11.262873,42.87948,-13.613197,-10.0,38.01049,14.215163,38.01049
1.0,0.0,36.421818,-11.16765,42.669945,-13.661457,-10.0,38.01049,14.215163,38.01049
1.0,0.0,36.272354,-11.155319,42.474247,-13.633808,-10.0,38.641373,13.774971,38.641373
1.0,0.0,36.280964,-11.133007,42.210213,-13.56024,-10.0,38.641373,13.774971,38.641373
1.0,0.0,36.104233,-11.097998,42.072712,-13.154739,-10.0,39.296436,13.312335,39.296436
1.0,0.0,36.235397,-11.181181,41.43743,-13.132229,-10.0,39.296436,13.312335,39.296436
1.0,0.0,34.775177,-11.114794,41.18406,-12.949184,-10.0,39.977898,12.832329,39.977898
1.0,0.0,36.504726,-10.586121,38.603516,-12.618612,-10.0,39.977898,12.832329,39.977898
1.0,0.0,31.454002,-12.257412,43.017982,-15.332886,-10.0,40.67554,12.553917,40.67554
1.0,0.0,36.026066,-11.896109,41.67912,-15.864557,-10.0,40.67554,12.553917,40.67554
1.0,0.0,34.901943,-10.67429,41.479836,-15.188684,-10.0,41.401512,12.625047,41.401512
1.0,0.0,35.482025,-10.665775,40.113716,-14.630304,-10.0,41.401512,12.625047,41.401512
1.0,0.0,32.544968,-10.835899,43.432472,-14.344221,-10.0,42.0,11.434028,42.0
1.0,0.0,35.12713,-11.47677,42.735023,-14.564905,-10.0,42.0,11.434028,42.0
1.0,0.0,36.23635,-11.368021,42.275154,-14.185347,-10.0,42.0,12.201803,42.0
1.0,0.0,35.72413,-11.049992,42.310986,-13.8596325,-10.0,42.0,12.201803,42.0
1.0,0.0,36.07563,-11.145397,41.992725,-13.754606,-10.0,42.0,10.797933,42.0
1.0,0.0,35.803528,-11.207645,41.679344,-13.2821045,-10.0,42.0,10.797933,42.0
1.0,0.0,35.703033,-11.295563,40.532574,-12.982967,-10.0,42.0,10.204761,42.0
1.0,0.0,33.241158,-11.331671,43.557693,-12.883484,-10.0,42.0,10.204761,42.0
1.0,0.0,35.866325,-11.359299,42.751,-14.690485,-10.0,42.0,9.576979,42.0
1.0,0.0,36.260254,-11.390814,42.674927,-14.499683,-10.0,42.0,9.576979,42.0
1.0,0.0,36.18607,-11.391678,42.451252,-14.22525,-10.0,42.0,8.918059,42.0
1.0,0.0,36.30086,-11.135668,42.288525,-13.944904,-10.0,42.0,8.918059,42.0
1.0,0.0,36.03414,-11.397619,42.357117,-13.719433,-10.0,42.0,8.804,42.0
1.0,0.0,36.027695,-11.142284,42.188553,-13.501593,-10.0,42.0,8.804,42.0
1.0,0.0,36.102993,-11.213886,41.77205,-13.266476,-10.0,42.0,8.096456,42.0
1.0,0.0,35.557472,-11.051514,40.797634,-13.053831,-10.0,42.0,8.096456,42.0
1.0,0.0,34.96473,-11.439768,40.893936,-12.893824,-10.0,42.0,7.3456635,42.0
1.0,0.0,35.278915,-11.289389,40.302708,-12.875696,-10.0,42.0,7.3456635,42.0
1.0,0.0,33.151176,-11.525536,42.899998,-13.010387,-10.0,42.0,6.55706,42.0
1.0,0.0,36.21967,-11.407312,41.939686,-14.828829,-10.0,42.0,6.55706,42.0
1.0,0.0,35.18302,-10.6523,41.892723,-14.225216,-10.0,42.0,6.241202,42.0
1.0,0.0,36.358887,-11.279915,40.34359,-13.910572,-10.0,42.0,6.241202,42.0
1.0,0.0,32.058006,-10.767208,44.205097,-13.10467,-10.0,42.0,4.9799423,42.0
1.0,0.0,36.68776,-11.2598,43.62082,-14.948414,-10.0,42.0,4.9799423,42.0
1.0,0.0,36.69537,-11.591261,43.628513,-14.660162,-10.0,42.0,5.015388,42.0
1.0,0.0,36.10643,-11.578846,43.806137,-14.218498,-10.0,42.0,5.015388,42.0
1.0,0.0,36.571785,-11.793606,43.50227,-14.195061,-10.0,42.0,2.8756347,42.0
1.0,0.0,36.532303,-11.527527,43.382126,-14.022957,-10.0,42.0,2.8756347,42.0
1.0,0.0,36.386436,-11.413553,43.32442,-13.942257,-10.0,42.0,1.4507656,42.0
1.0,0.0,36.6834,-11.460995,43.191788,-14.05069,-10.0,42.0,1.4507656,42.0
1.0,0.0,36.249832,-11.390343,43.292007,-13.8729,-10.0,42.0,0.2788539,42.0
1.0,0.0,36.7015,-11.54953,43.11464,-13.982433,-10.0,42.0,0.2788539,42.0
1.0,0.0,36.176315,-11.503487,43.224545,-13.815472,-10.0,42.0,-0.9673223,42.0
1.0,0.0,36.705338,-11.50531,42.862335,-13.690372,-10.0,42.0,-0.9673223,42.0
1.0,0.0,36.43611,-11.301796,42.56655,-13.347696,-10.0,42.0,-2.325555,42.0
1.0,0.0,36.793587,-11.186205,42.068504,-12.95116,-10.0,42.0,-2.325555,42.0
1.0,0.0,36.187767,-11.76564,42.293934,-13.479475,-10.0,42.0,-3.7820888,42.0
1.0,0.0,36.23102,-11.298569,42.16284,-13.605295,-10.0,42.0,-3.7820888,42.0
1.0,0.0,35.853416,-11.079384,42.126053,-13.268396,-10.0,42.0,-5.35514,42.0
1.0,0.0,36.05085,-11.296413,41.716194,-13.073122,-10.0,42.0,-7.0501413,42.0
1.0,0.0,35.342518,-11.068588,40.833702,-13.088858,-10.0,42.0,-7.056877,42.0
1.0,0.0,35.07669,-11.336493,40.68778,-12.974512,-10.0,42.0,-7.056877,42.0
1.0,0.0,34.870163,-11.371466,40.698116,-13.024702,-10.0,42.0,-8.864057,42.0
1.0,0.0,34.83065,-11.112732,40.21718,-12.819948,-10.0,42.0,-8.864057,42.0
1.0,0.0,33.93683,-11.240164,41.14538,-13.092094,-10.0,42.0,-10.0,42.0
1.0,0.0,36.158146,-10.968584,37.79223,-13.289555,-10.0,42.0,-10.0,42.0
1.0,0.0,32.18543,-13.273491,39.429222,-16.621181,-10.0,42.0,-10.0,42.0
1.0,0.0,34.63388,-12.648664,37.501175,-16.566689,-10.0,42.0,-10.0,42.0
1.0,0.0,29.962448,-11.956608,38.344177,-16.636765,-10.0,42.0,-10.0,42.0
1.0,0.0,33.011414,-11.635368,35.633713,-16.51799,-10.0,42.0,-10.0,42.0
1.0,0.0,30.846718,-11.254423,41.402584,-15.547874,-10.0,42.0,-10.0,42.0
1.0,0.0,35.358246,-10.940838,39.308716,-15.692751,-10.0,42.0,-10.0,42.0
1.0,0.0,30.815823,-10.538132,45.043724,-15.638094,42.0,42.0,-10.0,42.0
1.0,0.0,35.507282,-10.646057,44.807327,-15.985432,42.0,42.0,-10.0,42.0
1.0,0.0,36.923317,-12.084492,44.420982,-15.738493,42.0,42.0,-10.0,42.0
1.0,0.0,37.015205,-11.597387,44.601173,-15.4429245,42.0,42.0,-10.0,42.0
1.0,0.0,37.164753,-11.270107,44.59159,-15.126673,42.0,42.0,-10.0,42.0
1.0,0.0,36.94772,-11.544804,44.60926,-14.897375,42.0,42.0,-10.0,42.0
1.0,0.0,37.271267,-11.862854,44.36438,-14.792997,42.0,42.0,-10.0,42.0
1.0,0.0,36.719868,-11.237347,44.4919,-14.323853,42.0,42.0,-10.0,42.0
1.0,0.0,37.011368,-11.82065,44.182877,-14.444668,42.0,42.0,-10.0,42.0
1.0,0.0,36.79531,-11.620018,44.263145,-14.313267,42.0,42.0,-10.0,42.0
1.0,0.0,36.633533,-11.841209,43.998196,-14.300146,42.0,42.0,-10.0,42.0
1.0,0.0,36.83874,-11.6381645,43.88529,-14.261253,42.0,42.0,-10.0,42.0
1.0,0.0,36.739998,-11.737028,43.740566,-14.2453785,42.0,42.0,-10.0,42.0
1.0,0.0,36.724216,-11.655258,43.506756,-14.162735,42.0,42.0,-10.0,42.0
1.0,0.0,36.363434,-11.626972,43.46203,-13.974606,42.0,42.0,-10.0,42.0
1.0,0.0,36.74617,-11.481358,43.190407,-14.000639,42.0,42.0,-10.0,42.0
1.0,0.0,36.219048,-11.397343,43.32247,-13.836102,42.0,42.0,-10.0,42.0
1.0,0.0,36.65753,-11.414261,43.0315,-13.740013,42.0,42.0,-10.0,42.0
1.0,0.0,36.316124,-11.380796,42.917572,-13.663626,42.0,42.0,-10.0,42.0
1.0,0.0,36.530167,-11.317553,42.689255,-13.688515,42.0,42.0,-10.0,42.0
1.0,0.0,36.69542,-11.323151,42.39039,-13.461557,42.0,42.0,-10.0,42.0
1.0,0.0,36.088478,-11.527309,42.308945,-13.037336,42.0,42.0,-10.0,42.0
1.0,0.0,36.098885,-11.160519,41.751194,-13.09849,42.0,42.0,-10.0,42.0
1.0,0.0,35.376007,-10.843727,40.861008,-12.877228,42.0,42.0,-10.0,42.0
1.0,0.0,34.454247,-11.41787,40.793327,-13.35107,42.0,42.0,-10.0,42.0
1.0,0.0,35.247566,-10.681215,39.300877,-13.087906,42.0,42.0,-10.0,42.0
1.0,0.0,29.094929,-10.583229,45.147316,-17.186138,42.0,42.0,-10.0,42.0
1.0,0.0,34.195465,-12.182024,44.63636,-17.512516,42.0,42.0,-10.0,42.0
1.0,0.0,36.62722,-11.850861,44.316505,-17.178753,42.0,42.0,-10.0,42.0
1.0,0.0,36.7007,-11.673683,44.614365,-16.853436,42.0,42.0,-10.0,42.0
1.0,0.0,36.804817,-11.585085,44.6839,-16.549446,42.0,42.0,-10.0,42.0
1.0,0.0,37.27253,-11.433182,44.61728,-16.242088,42.0,42.0,-10.0,42.0
1.0,0.0,36.771942,-11.236546,44.8591,-15.8424,42.0,42.0,-10.0,42.0
1.0,0.0,36.956413,-11.628534,44.626472,-15.560328,42.0,42.0,-10.0,42.0
1.0,0.0,37.11609,-11.229891,44.592274,-15.196823,42.0,42.0,-10.0,42.0
1.0,0.0,37.301254,-11.77792,44.40387,-14.969997,42.0,42.0,-10.0,42.0
1.0,0.0,36.798283,-11.179768,44.52607,-14.362579,42.0,42.0,-10.0,42.0
1.0,0.0,37.12198,-11.881498,44.145042,-14.494038,42.0,42.0,-10.0,42.0
1.0,0.0,36.68625,-11.581369,44.455193,-14.272799,42.0,42.0,-10.0,42.0
1.0,0.0,36.703217,-11.898403,44.154728,-14.309114,42.0,42.0,-10.0,42.0
1.0,0.0,36.86909,-11.706242,43.970726,-14.364906,-10.0,-10.0,42.0,-10.0
1.0,0.0,36.808884,-11.662895,43.885574,-14.225386,-10.0,-10.0,42.0,-10.0
1.0,0.0,36.511574,-11.679298,43.864388,-14.2413025,-10.0,-10.0,42.0,-10.0
1.0,0.0,36.977325,-11.650393,43.55632,-14.203993,-10.0,-10.0,42.0,-10.0
1.0,0.0,36.498215,-11.418631,43.743927,-13.923069,-10.0,-10.0,42.0,-10.0
1.0,0.0,36.788925,-11.521168,43.358913,-13.929537,-10.0,-10.0,42.0,-10.0
1.0,0.0,36.373436,-11.393404,43.38309,-13.888239,-10.0,-10.0,42.0,-10.0
1.0,0.0,36.64289,-11.455135,43.20144,-13.932325,-10.0,-10.0,42.0,-10.0
1.0,0.0,36.330196,-11.406075,43.192417,-13.900055,-10.0,-10.0,-10.0,-10.0
1.0,0.0,36.531578,-11.423014,42.93513,-13.703661,-10.0,-10.0,-10.0,-10.0
1.0,0.0,36.3473,-11.327238,42.781414,-13.722691,-10.0,-10.0,-10.0,-10.0
1.0,0.0,36.428413,-11.278255,42.460617,-13.627663,-10.0,-10.0,-10.0,-10.0
1.0,0.0,36.575577,-11.182325,42.176834,-13.407221,39.223885,-10.0,-10.0,-10.0
1.0,0.0,36.272263,-11.250309,41.85397,-13.067865,39.223885,-10.0,-10.0,-10.0
1.0,0.0,35.60424,-11.10984,41.425777,-12.918318,42.0,-10.0,-10.0,-10.0
1.0,0.0,35.10234,-11.363169,40.200104,-12.94001,42.0,-10.0,-10.0,-10.0
1.0,0.0,33.08554,-11.637934,42.74379,-12.90852,42.0,-10.0,-10.0,-10.0
1.0,0.0,36.525852,-11.516579,40.830498,-14.794786,42.0,-10.0,-10.0,-10.0
1.0,0.0,32.65261,-10.750763,45.13433,-13.658108,42.0,-10.0,-10.0,-10.0
1.0,0.0,35.816887,-11.641619,44.663986,-14.789198,42.0,-10.0,-10.0,-10.0
1.0,0.0,37.029987,-11.441975,44.155357,-14.263615,42.0,-10.0,-10.0,-10.0
1.0,0.0,36.94091,-11.709135,43.883793,-14.405214,42.0,-10.0,-10.0,-10.0
1.0,0.0,36.544994,-11.501202,43.96228,-14.185055,42.0,-10.0,-10.0,-10.0
1.0,0.0,36.850533,-11.773592,43.560158,-14.201021,42.0,-10.0,-10.0,-10.0
1.0,0.0,36.366833,-11.58917,43.655567,-13.959429,42.0,-10.0,-10.0,-10.0
1.0,0.0,36.715683,-11.409552,43.259895,-13.908051,42.0,-10.0,-10.0,-10.0
1.0,0.0,36.312805,-11.338823,43.204857,-13.847303,42.0,-10.0,-10.0,-10.0
1.0,0.0,36.552303,-11.420593,42.9063,-13.779276,42.0,-10.0,-10.0,-10.0
1.0,0.0,36.237717,-11.395906,42.72695,-13.605024,42.0,-10.0,-10.0,-10.0
1.0,0.0,36.509903,-11.223471,42.33168,-13.750177,42.0,-10.0,-10.0,-10.0
1.0,0.0,36.23571,-11.404097,42.396698,-13.382462,42.0,-10.0,-10.0,-10.0
1.0,0.0,36.42228,-10.958984,41.92669,-13.206419,42.0,-10.0,-10.0,-10.0
1.0,0.0,36.002342,-11.1432,41.466427,-12.752064,42.0,-10.0,-10.0,-10.0
1.0,0.0,34.905334,-11.223143,40.84102,-12.9781685,42.0,-10.0,-10.0,-10.0
1.0,0.0,35.070965,-11.09189,39.95306,-12.957405,42.0,-10.0,-10.0,-10.0
1.0,0.0,31.514793,-11.829493,44.71849,-14.157309,42.0,-10.0,-10.0,-10.0
1.0,0.0,35.331432,-12.020641,44.265167,-15.736595,42.0,-10.0,-10.0,-10.0
1.0,0.0,36.975388,-11.709789,44.077366,-15.535095,42.0,-10.0,-10.0,-10.0
1.0,0.0,36.566414,-10.867636,44.315796,-15.05888,42.0,-10.0,-10.0,-10.0
1.0,0.0,37.234146,-11.892694,44.108036,-14.870623,42.0,-10.0,-10.0,-10.0
1.0,0.0,36.698036,-11.124903,44.332535,-14.151047,42.0,-10.0,-10.0,-10.0
1.0,0.0,36.823257,-11.826347,43.91205,-14.249519,42.0,-10.0,-10.0,-10.0
1.0,0.0,36.65279,-11.801697,43.78723,-14.284386,42.0,-10.0,-10.0,-10.0
1.0,0.0,36.608055,-11.65196,43.653923,-14.203413,42.0,-10.0,-10.0,-10.0
1.0,0.0,36.40619,-11.548281,43.593246,-14.026539,42.0,-10.0,-10.0,-10.0
1.0,0.0,36.8909,-11.415285,43.2284,-14.047529,42.0,-10.0,-10.0,-10.0
1.0,0.0,36.144928,-11.366135,43.412617,-13.815269,42.0,-10.0,-10.0,-10.0
1.0,0.0,36.29377,-11.165806,43.05936,-13.765406,42.0,-10.0,-10.0,-10.0
1.0,0.0,36.5627,-11.249462,42.775017,-13.754135,42.0,-10.0,-10.0,-10.0
1.0,0.0,36.30445,-11.295715,42.657722,-13.571571,42.0,-10.0,-10.0,-10.0
1.0,0.0,36.333054,-11.19252,42.35266,-13.6621475,42.0,-10.0,-10.0,-10.0
1.0,0.0,36.019634,-11.205889,42.343433,-13.240728,42.0,-10.0,-10.0,-10.0
1.0,0.0,36.011597,-11.026285,41.89469,-12.939116,42.0,-10.0,-10.0,-10.0
1.0,0.0,35.520184,-11.205431,40.511887,-12.798925,42.0,-10.0,-10.0,-10.0
1.0,0.0,33.73733,-11.520939,42.636177,-13.352472,42.0,-10.0,-10.0,-10.0
1.0,0.0,35.884407,-11.872202,41.582268,-14.671911,42.0,-10.0,-10.0,-10.0
1.0,0.0,35.196903,-10.951223,41.506035,-13.898184,42.0,-10.0,-10.0,-10.0
1.0,0.0,35.680878,-10.926512,39.934334,-13.409693,42.0,-10.0,-10.0,-10.0
1.0,0.0,30.370342,-12.337763,47.3782,-15.861723,42.0,-10.0,-10.0,-10.0
1.0,0.0,36.24717,-11.800627,47.054436,-16.303871,42.0,-10.0,-10.0,-10.0
1.0,0.0,37.376297,-11.77372,46.722626,-16.059502,42.0,-10.0,-10.0,-10.0
1.0,0.0,37.79578,-11.760063,46.575157,-15.860172,42.0,-10.0,-10.0,-10.0
1.0,0.0,36.79108,-11.683598,46.674934,-15.675905,42.0,-10.0,-10.0,-10.0
1.0,0.0,37.369186,-11.829802,46.412704,-15.594244,42.0,-10.0,-10.0,-10.0
1.0,0.0,37.771458,-11.643856,46.287693,-15.506046,42.0,-10.0,-10.0,-10.0
1.0,0.0,37.008232,-11.581547,46.4405,-15.303122,42.0,-10.0,-10.0,-10.0
1.0,0.0,37.63384,-11.601873,46.227333,-15.213535,42.0,-10.0,-10.0,-10.0
1.0,0.0,37.351276,-11.665096,46.24594,-15.09446,42.0,-10.0,-10.0,-10.0
1.0,0.0,37.80979,-11.705029,46.113205,-15.14085,42.0,-10.0,-10.0,-10.0
1.0,0.0,36.74367,-11.63242,46.335407,-15.007778,42.0,-10.0,-10.0,-10.0
1.0,0.0,37.1364,-11.605139,46.05257,-14.879328,42.0,-10.0,-10.0,-10.0
1.0,0.0,37.49486,-11.62306,45.83815,-14.865446,42.0,-10.0,-10.0,-10.0
1.0,0.0,37.827717,-11.492718,45.674988,-14.800884,42.0,-10.0,-10.0,-10.0
1.0,0.0,36.94736,-11.496555,45.754196,-14.647369,42.0,-10.0,-10.0,-10.0
1.0,0.0,37.142784,-11.869926,45.48789,-14.723768,42.0,-10.0,-10.0,-10.0
1.0,0.0,37.81003,-11.61101,45.18131,-14.665642,42.0,-10.0,-10.0,-10.0
1.0,0.0,37.107285,-11.426197,45.29318,-14.523895,42.0,-10.0,-10.0,-10.0
1.0,0.0,37.11852,-11.8405285,45.069008,-14.666981,42.0,-10.0,-10.0,-10.0
1.0,0.0,37.59994,-11.491362,44.87616,-14.671932,42.0,-10.0,-10.0,-10.0
1.0,0.0,36.43337,-11.628273,44.918045,-14.606878,42.0,-10.0,-10.0,-10.0
1.0,0.0,37.027706,-11.406605,44.528442,-14.179308,42.0,-10.0,-10.0,-10.0
1.0,0.0,37.026722,-11.768129,44.234,-14.307156,42.0,-10.0,-10.0,-10.0
1.0,0.0,37.098747,-11.686527,44.00196,-14.360693,42.0,-10.0,-10.0,-10.0
1.0,0.0,36.828033,-11.455286,44.110565,-14.2047,42.0,-10.0,-10.0,-10.0
1.0,0.0,36.64245,-11.890163,43.822807,-14.221235,42.0,-10.0,-10.0,-10.0
1.0,0.0,36.586365,-11.618324,43.73252,-14.269499,42.0,-10.0,-10.0,-10.0
1.0,0.0,36.5272,-11.634796,43.62529,-14.042566,42.0,-10.0,-10.0,-10.0
1.0,0.0,36.804443,-11.4361515,43.362564,-14.100441,42.0,-10.0,-10.0,-10.0
1.0,0.0,36.179832,-11.298382,43.440796,-13.867754,42.0,-10.0,-10.0,-10.0
1.0,0.0,36.529495,-11.272373,43.12352,-13.969093,42.0,-10.0,-10.0,-10.0
1.0,0.0,36.510868,-11.459866,43.043175,-13.871643,42.0,-10.0,-10.0,-10.0
1.0,0.0,36.401535,-11.363668,42.761726,-13.641531,42.0,-10.0,-10.0,-10.0
1.0,0.0,36.437515,-11.247753,42.427956,-13.597042,42.0,-10.0,-10.0,-10.0
1.0,0.0,36.457603,-11.301247,42.208454,-13.339619,42.0,-10.0,-10.0,-10.0
1.0,0.0,36.171143,-11.21806,42.0057,-13.021353,42.0,-10.0,-10.0,-10.0
1.0,0.0,35.609062,-11.186228,41.218872,-12.779173,42.0,-10.0,-10.0,-10.0
1.0,0.0,34.79832,-11.169411,40.239716,-13.152554,42.0,-10.0,-10.0,-10.0
1.0,0.0,33.864548,-11.22879,41.16547,-13.177448,42.0,-10.0,-10.0,-10.0
1.0,0.0,35.88669,-11.191633,38.46708,-13.524708,42.0,-10.0,-10.0,-10.0
1.0,0.0,30.814678,-12.248678,43.329285,-15.638145,42.0,-10.0,-10.0,-10.0
1.0,0.0,36.791023,-11.701294,42.143246,-16.146717,42.0,-10.0,-10.0,-10.0
1.0,0.0,35.161568,-10.501829,43.02516,-15.435524,42.0,-10.0,-10.0,-10.0
1.0,0.0,35.97346,-11.718693,42.461113,-15.012016,42.0,-10.0,-10.0,-10.0
1.0,0.0,36.110085,-10.718071,42.28688,-14.316399,42.0,-10.0,-10.0,-10.0
1.0,0.0,35.92546,-11.41024,42.006855,-14.025797,42.0,-10.0,-10.0,-10.0
1.0,0.0,35.746834,-11.133316,41.331455,-13.813936,42.0,-10.0,-10.0,-10.0
1.0,0.0,35.06726,-10.850889,40.950333,-13.185757,42.0,-10.0,-10.0,-10.0
1.0,0.0,35.02118,-10.97304,40.094604,-13.203205,42.0,-10.0,-10.0,-10.0
1.0,0.0,32.757126,-11.306284,42.876,-13.54373,42.0,-10.0,-10.0,-10.0
1.0,0.0,35.333275,-11.273464,41.464012,-14.680107,42.0,-10.0,-10.0,-10.0
1.0,0.0,35.68122,-10.697126,40.597744,-14.168421,42.0,-10.0,-10.0,-10.0
1.0,0.0,33.859547,-10.535027,41.85391,-13.554934,42.0,-10.0,-10.0,-10.0
1.0,0.0,36.22033,-11.068308,39.269386,-13.025471,42.0,-10.0,-10.0,-10.0
1.0,0.0,31.725248,-12.20558,46.601135,-17.223515,42.0,-10.0,-10.0,-10.0
1.0,0.0,34.745308,-12.337421,45.907753,-17.142963,42.0,-10.0,-10.0,-10.0
1.0,0.0,36.63001,-11.991169,45.468792,-16.834896,42.0,-10.0,-10.0,-10.0
1.0,0.0,37.13188,-11.973499,45.337708,-16.639252,42.0,-10.0,-10.0,-10.0
1.0,0.0,37.45806,-11.758278,45.437935,-16.373276,42.0,-10.0,-10.0,-10.0
1.0,0.0,37.193077,-11.516869,45.647392,-16.12276,42.0,-10.0,-10.0,-10.0
1.0,0.0,37.652122,-11.64105,45.625675,-15.88961,42.0,-10.0,-10.0,-10.0
1.0,0.0,36.652756,-11.618828,45.88584,-15.601507,42.0,-10.0,-10.0,-10.0
1.0,0.0,37.33832,-11.525635,45.62063,-15.422625,42.0,-10.0,-10.0,-10.0
1.0,0.0,37.59171,-11.653845,45.52772,-15.188528,42.0,-10.0,-10.0,-10.0
1.0,0.0,36.721123,-11.502487,45.60289,-14.814724,42.0,-10.0,-10.0,-10.0
1.0,0.0,37.264503,-11.332523,45.22126,-14.528906,42.0,-10.0,-10.0,-10.0
1.0,0.0,37.49801,-11.915522,44.89047,-14.621105,42.0,-10.0,-10.0,-10.0
1.0,0.0,36.932186,-11.501371,45.01404,-14.448923,42.0,-10.0,-10.0,-10.0
1.0,0.0,37.08264,-11.839109,44.73352,-14.634296,42.0,-10.0,-10.0,-10.0
1.0,0.0,37.256783,-11.333288,44.55157,-14.365105,42.0,-10.0,-10.0,-10.0
1.0,0.0,36.83106,-11.639835,44.43994,-14.420071,42.0,-10.0,-10.0,-10.0
1.0,0.0,37.02131,-11.765167,44.214207,-14.375263,42.0,-10.0,-10.0,-10.0
1.0,0.0,36.869743,-11.624662,44.220108,-14.238363,42.0,-10.0,-10.0,-10.0
1.0,0.0,36.561802,-11.746243,44.009933,-14.261097,42.0,-10.0,-10.0,-10.0
1.0,0.0,36.88029,-11.550251,43.806297,-14.221951,42.0,-10.0,-10.0,-10.0
1.0,0.0,36.61904,-11.56896,43.80738,-14.081131,42.0,-10.0,-10.0,-10.0
1.0,0.0,36.608543,-11.558613,43.57161,-14.056166,42.0,-10.0,-10.0,-10.0
1.0,0.0,36.395382,-11.411377,43.51358,-13.919983,42.0,-10.0,-10.0,-10.0
1.0,0.0,36.713722,-11.516771,43.323,-13.962561,42.0,-10.0,-10.0,-10.0
1.0,0.0,36.338013,-11.473463,43.29998,-13.941673,42.0,-10.0,-10.0,-10.0
1.0,0.0,36.550465,-11.556171,43.13179,-13.94116,42.0,-10.0,-10.0,-10.0
1.0,0.0,36.25464,-11.520025,43.152237,-13.91379,42.0,-10.0,-10.0,-10.0
1.0,0.0,36.641205,-11.465679,42.859737,-13.717094,42.0,-10.0,-10.0,-10.0
1.0,0.0,36.438805,-11.304026,42.638065,-13.455986,42.0,-10.0,-10.0,-10.0
