1.0,0.0,15.203559875488281,13.315717697143555,17.341461181640625,19.719194412231445,0.0,0.0,0.0,0.0
1.0,0.0,15.014710426330566,13.20124340057373,17.32239532470703,19.78692626953125,0.0,0.0,0.0,0.0
1.0,0.0,14.444823265075684,13.138794898986816,17.349851608276367,19.877056121826172,0.0,0.0,0.0,0.0
1.0,0.0,14.747245788574219,13.059187889099121,17.34223175048828,19.896839141845703,0.0,0.0,0.0,0.0
1.0,0.0,14.211145401000977,13.093853950500488,17.352272033691406,19.959829330444336,0.0,0.0,0.0,0.0
1.0,0.0,14.606912612915039,13.009499549865723,17.32075309753418,19.990997314453125,0.0,0.0,0.0,0.0
1.0,0.0,14.025018692016602,13.126827239990234,17.344167709350586,20.05622100830078,0.0,0.0,0.0,0.0
1.0,0.0,14.451915740966797,13.083412170410156,17.313289642333984,20.055313110351562,0.0,0.0,0.0,0.0
1.0,0.0,14.12080192565918,13.180185317993164,17.297504425048828,20.17947769165039,0.0,0.0,0.0,0.0
1.0,0.0,14.484338760375977,13.134111404418945,17.310150146484375,20.315710067749023,0.0,0.0,0.0,0.0
1.0,0.0,14.100536346435547,13.27769660949707,17.472515106201172,20.849035263061523,0.0,0.0,0.0,0.0
1.0,0.0,14.429081916809082,13.227249145507812,17.536880493164062,20.58809471130371,0.0,0.0,0.0,0.0
1.0,0.0,13.750898361206055,13.401130676269531,18.14885139465332,22.050912857055664,0.0,0.0,0.0,0.0
1.0,0.0,14.01908016204834,13.400581359863281,18.286840438842773,21.880727767944336,0.0,0.0,0.0,0.0
1.0,0.0,13.743911743164062,13.445075988769531,18.734895706176758,21.674196243286133,0.0,0.0,0.0,0.0
1.0,0.0,13.994288444519043,13.405268669128418,21.2604923248291,21.043046951293945,0.0,0.0,0.0,0.0
1.0,0.0,13.771501541137695,13.395252227783203,21.22490882873535,20.357471466064453,0.0,0.0,0.0,0.0
1.0,0.0,13.888152122497559,13.415301322937012,19.413326263427734,19.87613296508789,0.0,0.0,0.0,0.0
1.0,0.0,14.044534683227539,13.404314041137695,19.539287567138672,20.018291473388672,0.0,0.0,0.0,0.0
1.0,0.0,14.037724494934082,13.393795013427734,19.884401321411133,20.70425033569336,0.0,0.0,0.0,0.0
1.0,0.0,13.906972885131836,13.433807373046875,19.44451141357422,18.71670150756836,0.0,0.0,0.0,0.0
1.0,0.0,13.93397331237793,13.476781845092773,19.647306442260742,18.752368927001953,0.0,0.0,0.0,0.0
1.0,0.0,14.102417945861816,13.520339965820312,19.78415298461914,18.652109146118164,0.0,0.0,0.0,0.0
1.0,0.0,14.029757499694824,13.555922508239746,20.05087661743164,18.562009811401367,0.0,0.0,0.0,0.0
1.0,0.0,14.137042999267578,13.59521770477295,20.55058479309082,18.278656005859375,0.0,0.0,0.0,0.0
1.0,0.0,14.035303115844727,13.310436248779297,23.943206787109375,18.00115203857422,0.0,0.0,0.0,0.0
1.0,0.0,13.34543514251709,13.646414756774902,19.727699279785156,25.211315155029297,0.0,0.0,0.0,0.0
1.0,0.0,14.270459175109863,13.702672004699707,25.055789947509766,24.491865158081055,0.0,0.0,0.0,0.0
1.0,0.0,13.985359191894531,13.724055290222168,25.334518432617188,23.634971618652344,0.0,0.0,0.0,0.0
1.0,0.0,14.32168197631836,13.655168533325195,25.53407859802246,18.0140323638916,0.0,0.0,0.0,0.0
1.0,0.0,13.869681358337402,13.62452220916748,25.632869720458984,21.016494750976562,0.0,0.0,0.0,0.0
1.0,0.0,13.92289924621582,13.583721160888672,24.86139678955078,19.01523208618164,0.0,0.0,0.0,0.0
1.0,0.0,13.689041137695312,13.598296165466309,24.690753936767578,19.12611961364746,0.0,0.0,0.0,0.0
1.0,0.0,13.759641647338867,13.636178970336914,24.348487854003906,19.234272003173828,0.0,0.0,0.0,0.0
1.0,0.0,13.90176010131836,13.714130401611328,24.450191497802734,19.373409271240234,0.0,0.0,0.0,0.0
1.0,0.0,13.83633041381836,13.805824279785156,24.443859100341797,19.53250503540039,0.0,0.0,0.0,0.0
1.0,0.0,13.791516304016113,14.026263236999512,24.509876251220703,19.776397705078125,0.0,0.0,0.0,0.0
1.0,0.0,13.835962295532227,14.235108375549316,24.43368911743164,20.180015563964844,0.0,0.0,0.0,0.0
1.0,0.0,14.033724784851074,14.642770767211914,25.712783813476562,22.205116271972656,0.0,0.0,0.0,0.0
1.0,0.0,13.788656234741211,14.5375394821167,26.1715030670166,22.192092895507812,0.0,0.0,0.0,0.0
1.0,0.0,13.75141429901123,14.72252082824707,26.257762908935547,22.194469451904297,0.0,0.0,0.0,0.0
1.0,0.0,13.948443412780762,14.316451072692871,26.298480987548828,22.226343154907227,0.0,0.0,0.0,0.0
1.0,0.0,13.852352142333984,14.867338180541992,26.391845703125,22.24409294128418,0.0,0.0,0.0,0.0
1.0,0.0,13.852956771850586,14.114896774291992,26.44744110107422,22.272750854492188,0.0,0.0,0.0,0.0
1.0,0.0,13.63157844543457,14.585044860839844,26.52593421936035,22.311893463134766,0.0,0.0,0.0,0.0
1.0,0.0,13.925787925720215,15.021339416503906,26.6688289642334,22.32644271850586,0.0,0.0,0.0,0.0
1.0,0.0,13.876399993896484,14.084664344787598,26.761375427246094,22.362775802612305,0.0,0.0,0.0,0.0
1.0,0.0,13.860004425048828,14.440481185913086,26.950653076171875,22.38573455810547,0.0,0.0,0.0,0.0
1.0,0.0,13.912693977355957,14.620707511901855,27.0810546875,22.343719482421875,0.0,0.0,0.0,0.0
1.0,0.0,13.999466896057129,15.108613967895508,27.233028411865234,22.29461669921875,0.0,0.0,0.0,0.0
1.0,0.0,13.827893257141113,13.828055381774902,27.37410545349121,22.273019790649414,0.0,0.0,0.0,0.0
1.0,0.0,13.56479263305664,14.286081314086914,27.93408203125,22.215988159179688,0.0,0.0,0.0,0.0
1.0,0.0,13.680318832397461,14.919036865234375,32.84733581542969,22.136394500732422,0.0,0.0,0.0,0.0
1.0,0.0,13.756804466247559,15.011548042297363,33.036216735839844,22.218189239501953,0.0,0.0,0.0,0.0
1.0,0.0,13.736791610717773,14.76414680480957,33.142555236816406,22.270462036132812,0.0,0.0,0.0,0.0
1.0,0.0,13.557957649230957,15.582080841064453,33.29093551635742,22.336441040039062,0.0,0.0,0.0,0.0
1.0,0.0,13.611030578613281,15.42126178741455,33.403228759765625,22.378231048583984,0.0,0.0,0.0,0.0
1.0,0.0,13.523728370666504,14.880607604980469,33.45319747924805,22.427486419677734,0.0,0.0,0.0,0.0
1.0,0.0,13.561790466308594,15.26917552947998,33.48046875,22.455167770385742,0.0,0.0,0.0,0.0
1.0,0.0,13.425860404968262,15.574626922607422,33.48940658569336,22.50885009765625,0.0,0.0,0.0,0.0
1.0,0.0,13.46403980255127,15.641441345214844,33.495182037353516,22.534643173217773,0.0,0.0,0.0,0.0
1.0,0.0,13.933292388916016,15.605071067810059,33.504356384277344,22.533693313598633,0.0,0.0,0.0,0.0
1.0,0.0,13.606701850891113,15.587713241577148,33.481468200683594,22.559871673583984,0.0,0.0,0.0,0.0
1.0,0.0,14.458772659301758,15.556925773620605,33.491661071777344,22.519275665283203,0.0,0.0,0.0,0.0
1.0,0.0,14.186492919921875,15.570088386535645,33.47002410888672,22.541133880615234,0.0,0.0,0.0,0.0
1.0,0.0,14.833807945251465,15.60986328125,33.488243103027344,22.522607803344727,0.0,0.0,0.0,0.0
1.0,0.0,14.746902465820312,15.684207916259766,33.46356201171875,22.55326271057129,0.0,0.0,0.0,0.0
1.0,0.0,15.377852439880371,15.67238998413086,33.460182189941406,22.573410034179688,0.0,0.0,0.0,0.0
1.0,0.0,15.446473121643066,15.74120807647705,33.445037841796875,22.595394134521484,0.0,0.0,0.0,0.0
1.0,0.0,15.88776969909668,15.771413803100586,33.434051513671875,22.666927337646484,0.0,0.0,0.0,0.0
1.0,0.0,15.796795845031738,15.805922508239746,33.446083068847656,22.73259735107422,0.0,0.0,0.0,0.0
1.0,0.0,16.276809692382812,15.872830390930176,33.460609436035156,22.810304641723633,0.0,0.0,0.0,0.0
1.0,0.0,15.956052780151367,15.985282897949219,33.500282287597656,22.948368072509766,0.0,0.0,0.0,0.0
1.0,0.0,16.47327423095703,16.066484451293945,33.5372428894043,23.189422607421875,0.0,0.0,0.0,0.0
1.0,0.0,16.132648468017578,16.157215118408203,33.74237060546875,24.01097869873047,0.0,0.0,0.0,0.0
1.0,0.0,16.69970703125,16.142406463623047,33.70818328857422,19.748489379882812,0.0,0.0,0.0,0.0
1.0,0.0,16.132457733154297,16.156787872314453,34.2686767578125,21.289108276367188,0.0,0.0,0.0,0.0
1.0,0.0,16.872182846069336,16.13499641418457,34.335105895996094,21.294170379638672,0.0,0.0,0.0,0.0
1.0,0.0,16.22987174987793,16.153629302978516,34.380775451660156,21.348600387573242,0.0,0.0,0.0,0.0
1.0,0.0,16.992576599121094,16.10855484008789,34.365394592285156,21.383262634277344,0.0,0.0,0.0,0.0
1.0,0.0,16.261533737182617,16.152687072753906,34.32721710205078,21.4616641998291,0.0,0.0,0.0,0.0
1.0,0.0,16.939159393310547,16.097803115844727,34.26728057861328,21.469757080078125,0.0,0.0,0.0,0.0
1.0,0.0,16.267431259155273,16.095062255859375,34.20161056518555,21.525203704833984,0.0,0.0,0.0,0.0
1.0,0.0,16.976865768432617,16.041486740112305,34.12749099731445,21.479328155517578,0.0,0.0,0.0,0.0
1.0,0.0,16.280235290527344,16.008047103881836,34.07182312011719,21.44529151916504,0.0,0.0,0.0,0.0
1.0,0.0,17.050691604614258,15.98151969909668,33.972190856933594,21.341928482055664,0.0,0.0,0.0,0.0
1.0,0.0,16.402286529541016,15.947568893432617,33.88465118408203,21.18998146057129,0.0,0.0,0.0,0.0
1.0,0.0,17.209087371826172,15.93167495727539,33.77907943725586,20.850412368774414,0.0,0.0,0.0,0.0
1.0,0.0,16.4338436126709,15.950927734375,33.6133918762207,20.926441192626953,0.0,0.0,0.0,0.0
1.0,0.0,17.306602478027344,15.938594818115234,33.315521240234375,20.635658264160156,0.0,0.0,0.0,0.0
1.0,0.0,16.534549713134766,15.97794246673584,32.75245666503906,19.77493667602539,0.0,0.0,0.0,0.0
1.0,0.0,17.323877334594727,16.045698165893555,32.640235900878906,20.569854736328125,0.0,0.0,0.0,0.0
1.0,0.0,16.688432693481445,16.10387420654297,31.798959732055664,23.28488540649414,0.0,0.0,0.0,0.0
1.0,0.0,17.339874267578125,16.273088455200195,29.62112045288086,25.429779052734375,0.0,0.0,0.0,0.0
1.0,0.0,16.736953735351562,16.712661743164062,22.502363204956055,26.07279396057129,0.0,0.0,0.0,0.0
1.0,0.0,17.74303436279297,16.698827743530273,23.775814056396484,26.66107940673828,0.0,0.0,0.0,0.0
1.0,0.0,17.090818405151367,16.679424285888672,26.49864959716797,22.630605697631836,0.0,0.0,0.0,0.0
1.0,0.0,17.724655151367188,16.698257446289062,26.52345848083496,22.768728256225586,0.0,0.0,0.0,0.0
1.0,0.0,17.31830406188965,16.62705421447754,26.402393341064453,22.99413299560547,0.0,0.0,0.0,0.0
1.0,0.0,17.498401641845703,16.593219757080078,26.30289077758789,23.54587173461914,0.0,0.0,0.0,0.0
1.0,0.0,17.484819412231445,16.610532760620117,25.967857360839844,26.107189178466797,0.0,0.0,0.0,0.0
1.0,0.0,17.23477554321289,16.560630798339844,26.903764724731445,25.057422637939453,0.0,0.0,0.0,0.0
1.0,0.0,17.634721755981445,16.65096092224121,25.85572052001953,25.08480453491211,0.0,0.0,0.0,0.0
1.0,0.0,17.355573654174805,16.72517967224121,25.432035446166992,25.093603134155273,0.0,0.0,0.0,0.0
1.0,0.0,17.510961532592773,16.73480796813965,25.370330810546875,25.072471618652344,0.0,0.0,0.0,0.0
1.0,0.0,17.446937561035156,16.75172233581543,25.285480499267578,25.034969329833984,0.0,0.0,0.0,0.0
1.0,0.0,17.478822708129883,16.75049591064453,25.252666473388672,24.97967529296875,0.0,0.0,0.0,0.0
1.0,0.0,17.466638565063477,16.740657806396484,25.208843231201172,24.928760528564453,0.0,0.0,0.0,0.0
1.0,0.0,17.59688949584961,16.709571838378906,25.200115203857422,24.866230010986328,0.0,0.0,0.0,0.0
1.0,0.0,17.556791305541992,16.6799259185791,25.185359954833984,24.787517547607422,0.0,0.0,0.0,0.0
1.0,0.0,17.674386978149414,16.659076690673828,25.21570587158203,24.73258399963379,0.0,0.0,0.0,0.0
1.0,0.0,17.67489242553711,16.628311157226562,25.21026611328125,24.673505783081055,0.0,0.0,0.0,0.0
1.0,0.0,17.678855895996094,16.59502410888672,25.213909149169922,24.567073822021484,0.0,0.0,0.0,0.0
1.0,0.0,17.6776065826416,16.564931869506836,25.236602783203125,24.41410255432129,0.0,0.0,0.0,0.0
1.0,0.0,17.722793579101562,16.553884506225586,25.355491638183594,24.108135223388672,0.0,0.0,0.0,0.0
1.0,0.0,17.726036071777344,16.504634857177734,25.765552520751953,22.68383026123047,0.0,0.0,0.0,0.0
1.0,0.0,17.87555694580078,16.569826126098633,24.29027557373047,23.04339599609375,0.0,0.0,0.0,0.0
1.0,0.0,17.906953811645508,16.499038696289062,24.40646743774414,23.775239944458008,0.0,0.0,0.0,0.0
1.0,0.0,17.837623596191406,16.513296127319336,23.510135650634766,20.40965461730957,0.0,0.0,0.0,0.0
1.0,0.0,18.097551345825195,16.457975387573242,23.497211456298828,21.84988784790039,0.0,0.0,0.0,0.0
1.0,0.0,18.128543853759766,16.435077667236328,23.332239151000977,21.705888748168945,0.0,0.0,0.0,0.0
1.0,0.0,18.202404022216797,16.395233154296875,23.032875061035156,21.513973236083984,0.0,0.0,0.0,0.0
1.0,0.0,18.181190490722656,16.411535263061523,22.54937744140625,21.18893051147461,0.0,0.0,0.0,0.0
1.0,0.0,18.30320167541504,16.53087615966797,20.97751235961914,20.807716369628906,0.0,0.0,0.0,0.0
1.0,0.0,18.029937744140625,16.482696533203125,20.803152084350586,20.41193389892578,0.0,0.0,0.0,0.0
1.0,0.0,18.499696731567383,16.41106414794922,20.667495727539062,20.12432289123535,0.0,0.0,0.0,0.0
1.0,0.0,18.745336532592773,16.315736770629883,20.69908905029297,22.73066520690918,0.0,0.0,0.0,0.0
1.0,0.0,18.75544548034668,16.381921768188477,20.2414608001709,22.873104095458984,0.0,0.0,0.0,0.0
1.0,0.0,18.690847396850586,16.48602867126465,19.273996353149414,23.236679077148438,0.0,0.0,0.0,0.0
1.0,0.0,18.412925720214844,16.574234008789062,15.285411834716797,24.945022583007812,0.0,0.0,0.0,0.0
1.0,0.0,18.251358032226562,16.58438491821289,15.229914665222168,24.636329650878906,0.0,0.0,0.0,0.0
1.0,0.0,18.357826232910156,16.62784767150879,14.843560218811035,23.807605743408203,0.0,0.0,0.0,0.0
1.0,0.0,18.31666374206543,16.65831184387207,15.1576509475708,25.413787841796875,0.0,0.0,0.0,0.0
1.0,0.0,18.47615623474121,16.63412094116211,14.589517593383789,25.31844711303711,0.0,0.0,0.0,0.0
1.0,0.0,18.39480209350586,16.692312240600586,12.948366165161133,25.186233520507812,0.0,0.0,0.0,0.0
1.0,0.0,18.556941986083984,16.744815826416016,13.131935119628906,24.981813430786133,0.0,0.0,0.0,0.0
1.0,0.0,18.54340362548828,16.790124893188477,13.266493797302246,24.700271606445312,0.0,0.0,0.0,0.0
1.0,0.0,18.749300003051758,16.767244338989258,13.30698299407959,24.227569580078125,0.0,0.0,0.0,0.0
1.0,0.0,18.786184310913086,16.657716751098633,12.947746276855469,21.710004806518555,0.0,0.0,0.0,0.0
1.0,0.0,19.112018585205078,16.55998420715332,12.479005813598633,23.398874282836914,0.0,0.0,0.0,0.0
1.0,0.0,18.944934844970703,16.512144088745117,12.597320556640625,23.694488525390625,0.0,0.0,0.0,0.0
1.0,0.0,19.03180503845215,16.455917358398438,12.759984970092773,24.69999122619629,0.0,0.0,0.0,0.0
1.0,0.0,19.06144905090332,16.366323471069336,12.318374633789062,23.581527709960938,0.0,0.0,0.0,0.0
1.0,0.0,19.239728927612305,16.31183433532715,12.261009216308594,24.12820816040039,0.0,0.0,0.0,0.0
1.0,0.0,19.18463134765625,16.239286422729492,11.867240905761719,23.762920379638672,0.0,0.0,0.0,0.0
1.0,0.0,19.20828628540039,16.2044734954834,11.789319038391113,24.380464553833008,0.0,0.0,0.0,0.0
1.0,0.0,19.169578552246094,16.214771270751953,10.456106185913086,23.297317504882812,0.0,0.0,0.0,0.0
1.0,0.0,19.22440528869629,16.600282669067383,3.715968132019043,22.95970916748047,0.0,0.0,0.0,0.0
1.0,0.0,19.18950080871582,16.355974197387695,8.711790084838867,23.553943634033203,0.0,0.0,0.0,0.0
1.0,0.0,19.02330207824707,16.323017120361328,8.734792709350586,23.69511604309082,0.0,0.0,0.0,0.0
1.0,0.0,19.088254928588867,16.25656509399414,8.738931655883789,24.000858306884766,0.0,0.0,0.0,0.0
1.0,0.0,19.08950424194336,16.191986083984375,8.829286575317383,24.758514404296875,0.0,0.0,0.0,0.0
1.0,0.0,19.414823532104492,16.330808639526367,7.088021278381348,19.930133819580078,0.0,0.0,0.0,0.0
1.0,0.0,19.160259246826172,16.352880477905273,6.486052513122559,19.744029998779297,0.0,0.0,0.0,0.0
1.0,0.0,19.23278045654297,16.48708152770996,4.789995193481445,21.468603134155273,0.0,0.0,0.0,0.0
1.0,0.0,19.552898406982422,16.48879623413086,5.674915313720703,26.32659149169922,0.0,0.0,0.0,0.0
1.0,0.0,19.56207847595215,16.460311889648438,5.439044952392578,26.267608642578125,0.0,0.0,0.0,0.0
1.0,0.0,19.411623001098633,16.42742347717285,4.967236518859863,26.269166946411133,0.0,0.0,0.0,0.0
1.0,0.0,19.493261337280273,16.57320785522461,1.8824796676635742,26.545387268066406,0.0,0.0,0.0,0.0
1.0,0.0,19.48453712463379,16.570838928222656,1.8440523147583008,26.485111236572266,0.0,0.0,0.0,0.0
1.0,0.0,19.48324966430664,16.569339752197266,1.786259651184082,26.408578872680664,0.0,0.0,0.0,0.0
1.0,0.0,19.360382080078125,16.5423526763916,1.6023168563842773,26.306154251098633,0.0,0.0,0.0,0.0
1.0,0.0,19.370006561279297,16.511775970458984,1.4038915634155273,26.18105697631836,0.0,0.0,0.0,0.0
1.0,0.0,19.41098976135254,16.510887145996094,0.6774501800537109,26.010164260864258,0.0,0.0,0.0,0.0
1.0,0.0,19.45990562438965,16.515336990356445,0.6714401245117188,25.92283821105957,0.0,0.0,0.0,0.0
1.0,0.0,19.34126853942871,16.58210563659668,-0.9606761932373047,25.415821075439453,0.0,0.0,0.0,0.0
1.0,0.0,19.455081939697266,16.603517532348633,-0.8660259246826172,25.347091674804688,0.0,0.0,0.0,0.0
1.0,0.0,19.539152145385742,16.58350944519043,-0.864013671875,25.223712921142578,0.0,0.0,0.0,0.0
1.0,0.0,19.522966384887695,16.568668365478516,-0.8691139221191406,25.0465145111084,0.0,0.0,0.0,0.0
1.0,0.0,19.94576644897461,16.50563621520996,-0.9821014404296875,24.757568359375,0.0,0.0,0.0,0.0
1.0,0.0,19.869924545288086,16.470993041992188,-1.2568798065185547,22.65055274963379,0.0,0.0,0.0,0.0
1.0,0.0,19.301424026489258,16.440006256103516,-1.3516731262207031,22.68233871459961,0.0,0.0,0.0,0.0
1.0,0.0,19.42237663269043,16.3615779876709,-1.4566993713378906,22.735755920410156,0.0,0.0,0.0,0.0
1.0,0.0,19.039499282836914,16.283140182495117,-1.5350093841552734,22.78573989868164,0.0,0.0,0.0,0.0
1.0,0.0,19.080904006958008,16.191173553466797,-1.6187725067138672,22.826255798339844,0.0,0.0,0.0,0.0
1.0,0.0,18.294151306152344,16.060110092163086,-1.6906261444091797,22.86012077331543,0.0,0.0,0.0,0.0
1.0,0.0,18.38479995727539,15.949795722961426,-1.7608795166015625,22.893644332885742,0.0,0.0,0.0,0.0
1.0,0.0,18.196592330932617,15.791743278503418,-1.7844352722167969,22.908912658691406,0.0,0.0,0.0,0.0
1.0,0.0,18.234783172607422,15.646437644958496,-1.8165550231933594,22.920175552368164,0.0,0.0,0.0,0.0
1.0,0.0,18.148326873779297,15.690762519836426,-1.7736530303955078,22.95196533203125,0.0,0.0,0.0,0.0
1.0,0.0,18.167457580566406,15.634245872497559,-1.7354583740234375,22.98194694519043,0.0,0.0,0.0,0.0
1.0,0.0,17.950326919555664,15.829195022583008,-1.6026840209960938,23.03030776977539,0.0,0.0,0.0,0.0
1.0,0.0,17.92243766784668,15.836944580078125,-1.4851436614990234,23.063705444335938,0.0,0.0,0.0,0.0
1.0,0.0,17.811166763305664,15.820053100585938,-1.3050975799560547,23.08670425415039,0.0,0.0,0.0,0.0
1.0,0.0,17.83722686767578,15.825263023376465,-1.1085071563720703,23.143016815185547,0.0,0.0,0.0,0.0
1.0,0.0,17.764223098754883,16.035036087036133,-0.7382717132568359,23.212848663330078,0.0,0.0,0.0,0.0
1.0,0.0,17.778635025024414,16.072629928588867,0.5730142593383789,23.57272720336914,0.0,0.0,0.0,0.0
1.0,0.0,17.554901123046875,16.164813995361328,0.32869911193847656,23.679540634155273,0.0,0.0,0.0,0.0
1.0,0.0,17.64154815673828,16.260684967041016,0.10046768188476562,23.878997802734375,0.0,0.0,0.0,0.0
1.0,0.0,17.398338317871094,16.243072509765625,2.28749942779541,24.86134910583496,0.0,0.0,0.0,0.0
1.0,0.0,17.467782974243164,16.295257568359375,1.6688604354858398,22.691970825195312,0.0,0.0,0.0,0.0
1.0,0.0,17.380704879760742,16.384645462036133,1.764845848083496,22.75112533569336,0.0,0.0,0.0,0.0
1.0,0.0,17.421588897705078,16.466543197631836,1.8607978820800781,22.775583267211914,0.0,0.0,0.0,0.0
1.0,0.0,17.32362937927246,16.54900550842285,2.015829086303711,22.779882431030273,0.0,0.0,0.0,0.0
1.0,0.0,17.392602920532227,16.626239776611328,2.1610546112060547,22.803937911987305,0.0,0.0,0.0,0.0
1.0,0.0,17.405330657958984,16.69648551940918,2.352665901184082,22.8052978515625,0.0,0.0,0.0,0.0
1.0,0.0,17.41192626953125,16.740917205810547,2.5595788955688477,22.81928253173828,0.0,0.0,0.0,0.0
1.0,0.0,17.263805389404297,16.761144638061523,2.9686203002929688,22.843952178955078,0.0,0.0,0.0,0.0
1.0,0.0,17.271129608154297,16.710474014282227,4.709504127502441,22.737545013427734,0.0,0.0,0.0,0.0
1.0,0.0,17.33907699584961,16.75827980041504,4.902130126953125,22.9108943939209,0.0,0.0,0.0,0.0
1.0,0.0,17.337121963500977,16.788761138916016,4.979425430297852,22.961490631103516,0.0,0.0,0.0,0.0
1.0,0.0,17.043888092041016,16.819055557250977,5.0750627517700195,23.055618286132812,0.0,0.0,0.0,0.0
1.0,0.0,17.188425064086914,16.85332679748535,5.183010101318359,23.133319854736328,0.0,0.0,0.0,0.0
1.0,0.0,16.908788681030273,16.86808967590332,5.325156211853027,23.199087142944336,0.0,0.0,0.0,0.0
1.0,0.0,17.108856201171875,16.909650802612305,5.466360092163086,23.244186401367188,0.0,0.0,0.0,0.0
1.0,0.0,16.801115036010742,16.90099334716797,5.641506195068359,23.31946563720703,0.0,0.0,0.0,0.0
1.0,0.0,16.954586029052734,16.9138240814209,5.934016227722168,23.401695251464844,0.0,0.0,0.0,0.0
1.0,0.0,16.564067840576172,16.892223358154297,6.408354759216309,23.56229591369629,0.0,0.0,0.0,0.0
1.0,0.0,16.621849060058594,16.766435623168945,8.054377555847168,23.99799346923828,0.0,0.0,0.0,0.0
1.0,0.0,16.486968994140625,16.743806838989258,8.088945388793945,24.05989646911621,0.0,0.0,0.0,0.0
1.0,0.0,16.603778839111328,16.747032165527344,8.099790573120117,24.204809188842773,0.0,0.0,0.0,0.0
1.0,0.0,16.32478904724121,16.73192596435547,8.253313064575195,24.760578155517578,0.0,0.0,0.0,0.0
1.0,0.0,16.47732162475586,16.55593490600586,8.151397705078125,19.19243621826172,0.0,0.0,0.0,0.0
1.0,0.0,16.206649780273438,16.461870193481445,9.14136791229248,25.672443389892578,0.0,0.0,0.0,0.0
1.0,0.0,16.230653762817383,16.448760986328125,9.03001594543457,25.528541564941406,0.0,0.0,0.0,0.0
1.0,0.0,15.950315475463867,16.461877822875977,8.835824012756348,25.33193016052246,0.0,0.0,0.0,0.0
1.0,0.0,16.09311866760254,16.441164016723633,8.595515251159668,24.938392639160156,0.0,0.0,0.0,0.0
1.0,0.0,15.93428897857666,16.466209411621094,7.427433967590332,22.673328399658203,0.0,0.0,0.0,0.0
1.0,0.0,15.824931144714355,16.477008819580078,6.713259696960449,22.568859100341797,0.0,0.0,0.0,0.0
1.0,0.0,15.631123542785645,16.23707389831543,9.936076164245605,22.12824249267578,0.0,0.0,0.0,0.0
1.0,0.0,15.811251640319824,16.048425674438477,14.084932327270508,19.406108856201172,0.0,0.0,0.0,0.0
1.0,0.0,15.644529342651367,15.977215766906738,14.48885440826416,20.386905670166016,0.0,0.0,0.0,0.0
1.0,0.0,15.666580200195312,15.849848747253418,14.921289443969727,20.752155303955078,0.0,0.0,0.0,0.0
1.0,0.0,15.57435417175293,15.500040054321289,16.1912841796875,23.353286743164062,0.0,0.0,0.0,0.0
1.0,0.0,16.05708885192871,14.257658958435059,18.358867645263672,23.332935333251953,0.0,0.0,0.0,0.0
1.0,0.0,15.846570014953613,14.528823852539062,18.014881134033203,22.845680236816406,0.0,0.0,0.0,0.0
1.0,0.0,15.546993255615234,15.516669273376465,18.0523681640625,22.888893127441406,0.0,0.0,0.0,0.0
1.0,0.0,15.832167625427246,14.913436889648438,18.13514518737793,22.9467830657959,0.0,0.0,0.0,0.0
1.0,0.0,15.58924388885498,15.52035903930664,18.360078811645508,22.971084594726562,0.0,0.0,0.0,0.0
1.0,0.0,15.648416519165039,15.31114387512207,18.63994598388672,23.069522857666016,0.0,0.0,0.0,0.0
1.0,0.0,15.674858093261719,15.385113716125488,19.455598831176758,23.42518424987793,0.0,0.0,0.0,0.0
1.0,0.0,15.674103736877441,14.908316612243652,20.583715438842773,20.12470245361328,0.0,0.0,0.0,0.0
1.0,0.0,15.354921340942383,15.282234191894531,21.766986846923828,24.42646598815918,0.0,0.0,0.0,0.0
1.0,0.0,15.45104694366455,15.187726020812988,21.773517608642578,24.02791404724121,0.0,0.0,0.0,0.0
1.0,0.0,15.255561828613281,16.09157943725586,21.707277297973633,21.55313491821289,0.0,0.0,0.0,0.0
1.0,0.0,15.400925636291504,16.06476402282715,19.842620849609375,21.988513946533203,0.0,0.0,0.0,0.0
1.0,0.0,15.141609191894531,16.192249298095703,20.000446319580078,22.03803253173828,0.0,0.0,0.0,0.0
1.0,0.0,15.369316101074219,16.246978759765625,20.065780639648438,22.071428298950195,0.0,0.0,0.0,0.0
1.0,0.0,15.19510555267334,16.38555335998535,20.177257537841797,22.14319610595703,0.0,0.0,0.0,0.0
1.0,0.0,15.389702796936035,16.440523147583008,20.255163192749023,22.225563049316406,0.0,0.0,0.0,0.0
1.0,0.0,15.055164337158203,16.520593643188477,20.406551361083984,22.314016342163086,0.0,0.0,0.0,0.0
1.0,0.0,15.301735877990723,16.589649200439453,20.51591682434082,22.41253662109375,0.0,0.0,0.0,0.0
1.0,0.0,15.214376449584961,16.60089683532715,20.67593002319336,22.52231788635254,0.0,0.0,0.0,0.0
1.0,0.0,15.248291969299316,16.615917205810547,20.835872650146484,22.653770446777344,0.0,0.0,0.0,0.0
1.0,0.0,15.09933090209961,16.615015029907227,21.08778190612793,22.87242889404297,0.0,0.0,0.0,0.0
1.0,0.0,15.07293701171875,16.61887550354004,21.44942855834961,23.241304397583008,0.0,0.0,0.0,0.0
1.0,0.0,14.927560806274414,16.574195861816406,21.967121124267578,23.495647430419922,0.0,0.0,0.0,0.0
1.0,0.0,14.76157283782959,16.103031158447266,23.491703033447266,18.21540641784668,0.0,0.0,0.0,0.0
1.0,0.0,14.730043411254883,16.032285690307617,24.069686889648438,18.8033390045166,0.0,0.0,0.0,0.0
1.0,0.0,14.653183937072754,15.961843490600586,22.322261810302734,19.105920791625977,0.0,0.0,0.0,0.0
1.0,0.0,14.621813774108887,15.919059753417969,22.46731948852539,19.15789222717285,0.0,0.0,0.0,0.0
1.0,0.0,14.598976135253906,15.812867164611816,22.745601654052734,19.260154724121094,0.0,0.0,0.0,0.0
1.0,0.0,14.78170394897461,15.652703285217285,23.041194915771484,19.38144302368164,0.0,0.0,0.0,0.0
1.0,0.0,14.846776008605957,15.263745307922363,23.484710693359375,19.567726135253906,0.0,0.0,0.0,0.0
1.0,0.0,14.720440864562988,14.173795700073242,25.60063934326172,19.84070587158203,0.0,0.0,0.0,0.0
1.0,0.0,14.508824348449707,14.623397827148438,25.650272369384766,20.14203643798828,0.0,0.0,0.0,0.0
1.0,0.0,13.995220184326172,14.389606475830078,25.9341983795166,22.417631149291992,0.0,0.0,0.0,0.0
1.0,0.0,13.854057312011719,14.70514965057373,25.830047607421875,22.386348724365234,0.0,0.0,0.0,0.0
1.0,0.0,13.153111457824707,13.404024124145508,25.451793670654297,22.367042541503906,0.0,0.0,0.0,0.0
1.0,0.0,13.377571105957031,13.453627586364746,25.127248764038086,22.281511306762695,0.0,0.0,0.0,0.0
1.0,0.0,12.948373794555664,13.291139602661133,29.222774505615234,21.681865692138672,0.0,0.0,0.0,0.0
1.0,0.0,13.15102767944336,13.272503852844238,28.450361251831055,21.377376556396484,0.0,0.0,0.0,0.0
1.0,0.0,11.900243759155273,13.584524154663086,23.196197509765625,20.43060302734375,0.0,0.0,0.0,0.0
1.0,0.0,12.670783996582031,13.767815589904785,23.513959884643555,23.394941329956055,0.0,0.0,0.0,0.0
1.0,0.0,12.31624698638916,13.862834930419922,23.5731201171875,24.078826904296875,0.0,0.0,0.0,0.0
1.0,0.0,12.734046936035156,13.824953079223633,21.572145462036133,17.117902755737305,0.0,0.0,0.0,0.0
1.0,0.0,12.252562522888184,13.691720008850098,21.387792587280273,17.975875854492188,0.0,0.0,0.0,0.0
1.0,0.0,12.495511054992676,13.784356117248535,21.295150756835938,20.29296112060547,0.0,0.0,0.0,0.0
1.0,0.0,12.47982406616211,13.744311332702637,24.399478912353516,18.7139892578125,0.0,0.0,0.0,0.0
1.0,0.0,12.263195037841797,13.7977294921875,25.542709350585938,18.684633255004883,0.0,0.0,0.0,0.0
1.0,0.0,11.506577491760254,13.867451667785645,25.682743072509766,18.65990447998047,0.0,0.0,0.0,0.0
1.0,0.0,11.906936645507812,13.9762544631958,25.80520248413086,18.63013458251953,0.0,0.0,0.0,0.0
1.0,0.0,10.729255676269531,14.05268383026123,25.973403930664062,18.679960250854492,0.0,0.0,0.0,0.0
1.0,0.0,11.227758407592773,14.084739685058594,26.17780303955078,18.718332290649414,0.0,0.0,0.0,0.0
1.0,0.0,9.812530517578125,14.119914054870605,26.36927032470703,18.751108169555664,0.0,0.0,0.0,0.0
1.0,0.0,10.619403839111328,14.105277061462402,26.831207275390625,18.722742080688477,0.0,0.0,0.0,0.0
1.0,0.0,9.216534614562988,13.908221244812012,28.901947021484375,18.787582397460938,0.0,0.0,0.0,0.0
1.0,0.0,9.873817443847656,13.812185287475586,28.868961334228516,18.810291290283203,0.0,0.0,0.0,0.0
1.0,0.0,8.332528114318848,13.835424423217773,28.92902183532715,18.83452606201172,0.0,0.0,0.0,0.0
1.0,0.0,9.511054992675781,14.006596565246582,28.950916290283203,18.814056396484375,0.0,0.0,0.0,0.0
1.0,0.0,8.402166366577148,13.73806095123291,28.91322898864746,18.8538875579834,0.0,0.0,0.0,0.0
1.0,0.0,9.649640083312988,13.836673736572266,28.8856201171875,18.863290786743164,0.0,0.0,0.0,0.0
1.0,0.0,8.446377754211426,13.674179077148438,28.72949981689453,18.893512725830078,0.0,0.0,0.0,0.0
1.0,0.0,9.719276428222656,13.726994514465332,28.501903533935547,18.9057674407959,0.0,0.0,0.0,0.0
1.0,0.0,8.593992233276367,13.681290626525879,27.78729248046875,18.812633514404297,0.0,0.0,0.0,0.0
1.0,0.0,9.604432106018066,13.789237976074219,25.70543670654297,18.903858184814453,0.0,0.0,0.0,0.0
1.0,0.0,8.733266830444336,13.855035781860352,25.710119247436523,18.896778106689453,0.0,0.0,0.0,0.0
1.0,0.0,9.990974426269531,13.920116424560547,25.64669418334961,18.84880828857422,0.0,0.0,0.0,0.0
1.0,0.0,9.113685607910156,13.877022743225098,25.61371612548828,18.82807159423828,0.0,0.0,0.0,0.0
1.0,0.0,10.098947525024414,13.949094772338867,25.507003784179688,18.669750213623047,0.0,0.0,0.0,0.0
1.0,0.0,9.782354354858398,14.010560989379883,25.418386459350586,18.454545974731445,0.0,0.0,0.0,0.0
1.0,0.0,10.201492309570312,13.929076194763184,25.129167556762695,17.50731658935547,0.0,0.0,0.0,0.0
1.0,0.0,10.336112022399902,13.928272247314453,25.23299217224121,19.211917877197266,0.0,0.0,0.0,0.0
1.0,0.0,10.771368026733398,13.88267707824707,24.833724975585938,19.064895629882812,0.0,0.0,0.0,0.0
1.0,0.0,10.853357315063477,13.850253105163574,23.727848052978516,18.892345428466797,0.0,0.0,0.0,0.0
1.0,0.0,10.858413696289062,13.857583999633789,25.281898498535156,18.472064971923828,0.0,0.0,0.0,0.0
1.0,0.0,11.533647537231445,13.727896690368652,24.709712982177734,16.670347213745117,0.0,0.0,0.0,0.0
1.0,0.0,11.360444068908691,13.563314437866211,24.381486892700195,16.658470153808594,0.0,0.0,0.0,0.0
1.0,0.0,11.381547927856445,13.44860553741455,23.757762908935547,16.623777389526367,0.0,0.0,0.0,0.0
1.0,0.0,11.292402267456055,13.479329109191895,20.68811798095703,16.79568099975586,0.0,0.0,0.0,0.0
1.0,0.0,11.542011260986328,13.300531387329102,24.288801193237305,16.31458854675293,0.0,0.0,0.0,0.0
1.0,0.0,11.471160888671875,13.152117729187012,23.288867950439453,16.253456115722656,0.0,0.0,0.0,0.0
1.0,0.0,11.243513107299805,13.124755859375,20.86207389831543,16.232032775878906,0.0,0.0,0.0,0.0
1.0,0.0,11.3899564743042,13.069833755493164,20.533254623413086,16.258892059326172,0.0,0.0,0.0,0.0
1.0,0.0,12.463196754455566,12.830248832702637,24.206642150878906,15.3944673538208,0.0,0.0,0.0,0.0
1.0,0.0,12.880186080932617,12.42294692993164,23.919748306274414,18.966501235961914,0.0,0.0,0.0,0.0
1.0,0.0,12.068918228149414,11.015713691711426,19.21100616455078,19.655885696411133,0.0,0.0,0.0,0.0
1.0,0.0,12.666288375854492,11.243205070495605,19.279926300048828,19.644546508789062,0.0,0.0,0.0,0.0
1.0,0.0,14.207967758178711,11.093801498413086,19.34290885925293,19.59602928161621,0.0,0.0,0.0,0.0
1.0,0.0,13.161270141601562,11.07225227355957,19.111162185668945,19.54629135131836,0.0,0.0,0.0,0.0
1.0,0.0,13.45281982421875,10.994873046875,19.096172332763672,19.479570388793945,0.0,0.0,0.0,0.0
1.0,0.0,13.109220504760742,10.961002349853516,19.072423934936523,19.434099197387695,0.0,0.0,0.0,0.0
1.0,0.0,14.184615135192871,10.868209838867188,19.104848861694336,19.30099105834961,0.0,0.0,0.0,0.0
1.0,0.0,14.330184936523438,10.782849311828613,19.063316345214844,19.17540740966797,0.0,0.0,0.0,0.0
1.0,0.0,14.275282859802246,10.733288764953613,19.005300521850586,18.906845092773438,0.0,0.0,0.0,0.0
1.0,0.0,14.538829803466797,10.637419700622559,18.78497314453125,18.360294342041016,0.0,0.0,0.0,0.0
1.0,0.0,14.358415603637695,10.519550323486328,17.77639389038086,14.220136642456055,0.0,0.0,0.0,0.0
1.0,0.0,15.014655113220215,10.3834228515625,17.899110794067383,14.459895133972168,0.0,0.0,0.0,0.0
1.0,0.0,15.05172061920166,10.340704917907715,18.190563201904297,15.129150390625,0.0,0.0,0.0,0.0
1.0,0.0,15.443302154541016,10.186118125915527,20.002323150634766,20.614013671875,0.0,0.0,0.0,0.0
1.0,0.0,15.226576805114746,9.876312255859375,18.073413848876953,14.93744945526123,0.0,0.0,0.0,0.0
1.0,0.0,15.352471351623535,9.469118118286133,19.08576202392578,17.627216339111328,0.0,0.0,0.0,0.0
1.0,0.0,15.333375930786133,7.615708351135254,18.561805725097656,15.641936302185059,0.0,0.0,0.0,0.0
1.0,0.0,14.834230422973633,7.650355339050293,18.30440330505371,15.09304428100586,0.0,0.0,0.0,0.0
1.0,0.0,15.302469253540039,7.798727989196777,19.48302459716797,21.386802673339844,0.0,0.0,0.0,0.0
1.0,0.0,15.241974830627441,7.947760581970215,17.933181762695312,18.73285484313965,0.0,0.0,0.0,0.0
1.0,0.0,14.988018035888672,7.748965263366699,20.463699340820312,15.480295181274414,0.0,0.0,0.0,0.0
1.0,0.0,14.88563060760498,7.765575408935547,17.97917938232422,14.59544563293457,0.0,0.0,0.0,0.0
1.0,0.0,15.158060073852539,7.838414192199707,17.92800521850586,15.530145645141602,0.0,0.0,0.0,0.0
1.0,0.0,15.18040943145752,7.851086616516113,17.372535705566406,15.830856323242188,0.0,0.0,0.0,0.0
1.0,0.0,15.914135932922363,8.008380889892578,16.834205627441406,15.917223930358887,0.0,0.0,0.0,0.0
1.0,0.0,15.50387954711914,8.291423797607422,17.981966018676758,16.512298583984375,0.0,0.0,0.0,0.0
1.0,0.0,16.604612350463867,8.981430053710938,16.896970748901367,16.632862091064453,0.0,0.0,0.0,0.0
1.0,0.0,15.555207252502441,8.985848426818848,17.59281349182129,16.352083206176758,0.0,0.0,0.0,0.0
1.0,0.0,16.9710693359375,9.046769142150879,14.885485649108887,16.714141845703125,0.0,0.0,0.0,0.0
1.0,0.0,16.100950241088867,8.139448165893555,18.44101333618164,15.47133731842041,0.0,0.0,0.0,0.0
1.0,0.0,17.846294403076172,8.416145324707031,17.700149536132812,14.611080169677734,0.0,0.0,0.0,0.0
1.0,0.0,17.086654663085938,8.722298622131348,17.296464920043945,15.106985092163086,0.0,0.0,0.0,0.0
1.0,0.0,16.502344131469727,9.496526718139648,16.017885208129883,17.565811157226562,0.0,0.0,0.0,0.0
1.0,0.0,16.44103240966797,8.503572463989258,15.95003890991211,17.545299530029297,0.0,0.0,0.0,0.0
1.0,0.0,17.155996322631836,8.970926284790039,15.819381713867188,17.479087829589844,0.0,0.0,0.0,0.0
1.0,0.0,16.673198699951172,8.374918937683105,15.662881851196289,17.501724243164062,0.0,0.0,0.0,0.0
1.0,0.0,17.125619888305664,8.742396354675293,15.24075984954834,17.460309982299805,0.0,0.0,0.0,0.0
1.0,0.0,16.89178466796875,9.441991806030273,14.182341575622559,17.529138565063477,0.0,0.0,0.0,0.0
1.0,0.0,17.161273956298828,7.124167442321777,14.663880348205566,17.344682693481445,0.0,0.0,0.0,0.0
1.0,0.0,17.82414436340332,7.202631950378418,15.783214569091797,16.851720809936523,0.0,0.0,0.0,0.0
1.0,0.0,18.179960250854492,7.141469955444336,15.296903610229492,16.546207427978516,0.0,0.0,0.0,0.0
1.0,0.0,18.004796981811523,7.125761032104492,14.454837799072266,15.772751808166504,0.0,0.0,0.0,0.0
1.0,0.0,18.88644790649414,7.255602836608887,12.702062606811523,16.660200119018555,0.0,0.0,0.0,0.0
1.0,0.0,18.81715202331543,7.290384292602539,13.719104766845703,19.84772491455078,0.0,0.0,0.0,0.0
1.0,0.0,19.968746185302734,7.338181495666504,13.616974830627441,18.863182067871094,0.0,0.0,0.0,0.0
1.0,0.0,19.2554931640625,7.430744171142578,12.637688636779785,15.635348320007324,0.0,0.0,0.0,0.0
1.0,0.0,20.207050323486328,7.524746894836426,12.53689956665039,15.681053161621094,0.0,0.0,0.0,0.0
1.0,0.0,19.81802749633789,7.55600643157959,12.460579872131348,15.658259391784668,0.0,0.0,0.0,0.0
1.0,0.0,20.944618225097656,7.6739349365234375,12.314151763916016,15.68768310546875,0.0,0.0,0.0,0.0
1.0,0.0,20.712413787841797,7.659783363342285,12.21668529510498,15.653071403503418,0.0,0.0,0.0,0.0
1.0,0.0,21.829662322998047,7.834466934204102,12.132966995239258,15.66977310180664,0.0,0.0,0.0,0.0
1.0,0.0,21.78812026977539,7.8823957443237305,12.03426456451416,15.633301734924316,0.0,0.0,0.0,0.0
1.0,0.0,22.70931625366211,8.172213554382324,11.847121238708496,15.534675598144531,0.0,0.0,0.0,0.0
1.0,0.0,22.46495246887207,8.295101165771484,11.450113296508789,15.262466430664062,0.0,0.0,0.0,0.0
1.0,0.0,23.421716690063477,8.693729400634766,12.269906044006348,14.7721529006958,0.0,0.0,0.0,0.0
1.0,0.0,23.287809371948242,9.927010536193848,11.636417388916016,13.680868148803711,0.0,0.0,0.0,0.0
1.0,0.0,24.10641860961914,9.597818374633789,11.7022705078125,13.913947105407715,0.0,0.0,0.0,0.0
1.0,0.0,23.92978286743164,8.559469223022461,11.857641220092773,14.55590534210205,0.0,0.0,0.0,0.0
1.0,0.0,24.904251098632812,10.38519287109375,12.242819786071777,15.832444190979004,0.0,0.0,0.0,0.0
1.0,0.0,25.079368591308594,10.35938549041748,11.785085678100586,15.899431228637695,0.0,0.0,0.0,0.0
1.0,0.0,25.74402618408203,10.38884449005127,11.103641510009766,15.874654769897461,0.0,0.0,0.0,0.0
1.0,0.0,25.935884475708008,10.05494499206543,13.11893081665039,15.616766929626465,0.0,0.0,0.0,0.0
1.0,0.0,26.756393432617188,9.852643966674805,13.165206909179688,15.663982391357422,0.0,0.0,0.0,0.0
1.0,0.0,27.153892517089844,9.442989349365234,13.24012565612793,15.764432907104492,0.0,0.0,0.0,0.0
1.0,0.0,27.280677795410156,10.258392333984375,13.313896179199219,15.930729866027832,0.0,0.0,0.0,0.0
1.0,0.0,27.313840866088867,10.056173324584961,13.587126731872559,16.87517547607422,0.0,0.0,0.0,0.0
1.0,0.0,27.615646362304688,9.598187446594238,13.472661972045898,16.530567169189453,0.0,0.0,0.0,0.0
1.0,0.0,27.59033966064453,8.533557891845703,14.794023513793945,21.275131225585938,0.0,0.0,0.0,0.0
1.0,0.0,27.723556518554688,8.685251235961914,13.581262588500977,17.099700927734375,0.0,0.0,0.0,0.0
1.0,0.0,27.909868240356445,9.29874038696289,13.4729585647583,16.768356323242188,0.0,0.0,0.0,0.0
1.0,0.0,27.94059944152832,12.736474990844727,13.351629257202148,16.588838577270508,0.0,0.0,0.0,0.0
1.0,0.0,27.911258697509766,6.764626502990723,14.294211387634277,20.53838348388672,0.0,0.0,0.0,0.0
1.0,0.0,27.945661544799805,8.805173873901367,14.344359397888184,20.462360382080078,0.0,0.0,0.0,0.0
1.0,0.0,27.863725662231445,9.2288818359375,14.304946899414062,20.479700088500977,0.0,0.0,0.0,0.0
1.0,0.0,27.53586196899414,9.63351058959961,14.29317855834961,20.52510643005371,0.0,0.0,0.0,0.0
1.0,0.0,27.499061584472656,5.928257942199707,14.378206253051758,20.749147415161133,0.0,0.0,0.0,0.0
1.0,0.0,27.235382080078125,10.253303527832031,14.942789077758789,21.203399658203125,0.0,0.0,0.0,0.0
1.0,0.0,27.381732940673828,9.510492324829102,15.552082061767578,21.331390380859375,0.0,0.0,0.0,0.0
1.0,0.0,26.910236358642578,3.9076004028320312,16.71342658996582,18.251935958862305,0.0,0.0,0.0,0.0
1.0,0.0,27.023048400878906,4.093423843383789,17.044677734375,18.044145584106445,0.0,0.0,0.0,0.0
1.0,0.0,26.781940460205078,4.06627082824707,18.154678344726562,20.20170021057129,0.0,0.0,0.0,0.0
1.0,0.0,26.55300521850586,4.1089019775390625,20.25766372680664,21.03809356689453,0.0,0.0,0.0,0.0
1.0,0.0,25.800947189331055,4.181707382202148,20.27787971496582,19.848331451416016,0.0,0.0,0.0,0.0
1.0,0.0,25.52595329284668,4.193789482116699,21.32417106628418,20.268524169921875,0.0,0.0,0.0,0.0
1.0,0.0,24.89057731628418,4.250918388366699,19.93399429321289,22.098142623901367,0.0,0.0,0.0,0.0
1.0,0.0,24.36611557006836,4.3719024658203125,19.8118896484375,22.12015724182129,0.0,0.0,0.0,0.0
1.0,0.0,24.18353843688965,4.496523857116699,19.603355407714844,22.125946044921875,0.0,0.0,0.0,0.0
1.0,0.0,24.269866943359375,4.596897125244141,19.34784507751465,22.204082489013672,0.0,0.0,0.0,0.0
1.0,0.0,23.397817611694336,4.660837173461914,18.843835830688477,22.283607482910156,0.0,0.0,0.0,0.0
1.0,0.0,23.60300064086914,4.833156585693359,17.409423828125,22.37794303894043,0.0,0.0,0.0,0.0
1.0,0.0,23.21307945251465,4.840750694274902,17.3563289642334,22.296852111816406,0.0,0.0,0.0,0.0
1.0,0.0,23.32680892944336,4.91733455657959,17.262378692626953,22.15979766845703,0.0,0.0,0.0,0.0
1.0,0.0,23.291900634765625,4.969809532165527,17.056455612182617,21.908082962036133,0.0,0.0,0.0,0.0
1.0,0.0,23.29558753967285,5.033055305480957,16.713159561157227,21.318992614746094,0.0,0.0,0.0,0.0
1.0,0.0,23.43488121032715,5.055087089538574,15.886136054992676,20.92640495300293,0.0,0.0,0.0,0.0
1.0,0.0,23.349409103393555,5.004269599914551,14.499001502990723,22.523746490478516,0.0,0.0,0.0,0.0
1.0,0.0,23.725509643554688,4.974074363708496,14.52454948425293,22.392303466796875,0.0,0.0,0.0,0.0
1.0,0.0,23.546607971191406,4.934820175170898,14.526098251342773,22.207263946533203,0.0,0.0,0.0,0.0
1.0,0.0,23.905319213867188,4.905190467834473,14.44604778289795,21.88443374633789,0.0,0.0,0.0,0.0
1.0,0.0,23.82051658630371,4.9017181396484375,14.284915924072266,20.91830825805664,0.0,0.0,0.0,0.0
1.0,0.0,23.977182388305664,4.834688186645508,14.924656867980957,22.226844787597656,0.0,0.0,0.0,0.0
1.0,0.0,23.97393035888672,4.810614585876465,15.00950813293457,21.948110580444336,0.0,0.0,0.0,0.0
1.0,0.0,24.014934539794922,4.77888298034668,15.271123886108398,21.029659271240234,0.0,0.0,0.0,0.0
1.0,0.0,24.026424407958984,4.651338577270508,16.99065399169922,21.654254913330078,0.0,0.0,0.0,0.0
1.0,0.0,24.25258445739746,4.634243011474609,16.253955841064453,20.27489471435547,0.0,0.0,0.0,0.0
1.0,0.0,24.254985809326172,4.499394416809082,16.004703521728516,20.466461181640625,0.0,0.0,0.0,0.0
1.0,0.0,23.89720916748047,4.433368682861328,14.984764099121094,21.204198837280273,0.0,0.0,0.0,0.0
1.0,0.0,23.768951416015625,4.323254585266113,16.07591438293457,21.58192253112793,0.0,0.0,0.0,0.0
1.0,0.0,23.377460479736328,4.381655693054199,14.645257949829102,20.512374877929688,0.0,0.0,0.0,0.0
1.0,0.0,23.37173843383789,4.284215927124023,15.475846290588379,20.528018951416016,0.0,0.0,0.0,0.0
1.0,0.0,22.790618896484375,4.141216278076172,14.680678367614746,21.324188232421875,0.0,0.0,0.0,0.0
1.0,0.0,22.624427795410156,3.9445648193359375,15.393148422241211,21.621952056884766,0.0,0.0,0.0,0.0
1.0,0.0,22.134626388549805,3.3851699829101562,16.577836990356445,19.232532501220703,0.0,0.0,0.0,0.0
1.0,0.0,22.362791061401367,1.5065126419067383,16.25343132019043,18.940702438354492,0.0,0.0,0.0,0.0
1.0,0.0,21.123130798339844,1.4623565673828125,15.488868713378906,17.714141845703125,0.0,0.0,0.0,0.0
1.0,0.0,21.62271499633789,1.5278491973876953,15.070215225219727,17.80313491821289,0.0,0.0,0.0,0.0
1.0,0.0,20.976966857910156,1.5285634994506836,13.945744514465332,18.517248153686523,0.0,0.0,0.0,0.0
1.0,0.0,21.389236450195312,1.5703315734863281,14.81483268737793,19.729413986206055,0.0,0.0,0.0,0.0
1.0,0.0,20.42925262451172,1.5651054382324219,16.630783081054688,19.27663230895996,0.0,0.0,0.0,0.0
1.0,0.0,21.115163803100586,1.5751256942749023,16.49300765991211,19.1668701171875,0.0,0.0,0.0,0.0
1.0,0.0,19.220779418945312,1.5819110870361328,16.164424896240234,18.772829055786133,0.0,0.0,0.0,0.0
1.0,0.0,20.280406951904297,1.7160873413085938,15.417350769042969,17.199567794799805,0.0,0.0,0.0,0.0
1.0,0.0,19.111160278320312,2.084592819213867,14.906566619873047,17.12451934814453,0.0,0.0,0.0,0.0
1.0,0.0,20.08549690246582,2.1853561401367188,13.96352481842041,16.915857315063477,0.0,0.0,0.0,0.0
1.0,0.0,18.729923248291016,2.8803348541259766,16.012100219726562,14.776625633239746,0.0,0.0,0.0,0.0
1.0,0.0,19.207094192504883,0.9527292251586914,16.419696807861328,14.408397674560547,0.0,0.0,0.0,0.0
1.0,0.0,18.186992645263672,1.0658321380615234,19.784690856933594,12.67365837097168,0.0,0.0,0.0,0.0
1.0,0.0,18.447919845581055,1.1416568756103516,16.87395668029785,11.394828796386719,0.0,0.0,0.0,0.0
1.0,0.0,17.899639129638672,1.5069408416748047,18.693525314331055,10.805496215820312,0.0,0.0,0.0,0.0
1.0,0.0,18.00294303894043,1.9205217361450195,20.757875442504883,11.197205543518066,0.0,0.0,0.0,0.0
1.0,0.0,17.58957290649414,3.4061412811279297,20.896318435668945,11.50067138671875,0.0,0.0,0.0,0.0
1.0,0.0,17.393766403198242,3.512026786804199,20.94845199584961,12.604156494140625,0.0,0.0,0.0,0.0
1.0,0.0,16.339435577392578,3.5842208862304688,20.899860382080078,12.052448272705078,0.0,0.0,0.0,0.0
1.0,0.0,17.80811882019043,3.344061851501465,20.936920166015625,11.975055694580078,0.0,0.0,0.0,0.0
1.0,0.0,15.599225997924805,3.460796356201172,20.903799057006836,14.555694580078125,0.0,0.0,0.0,0.0
1.0,0.0,16.69243049621582,3.409395217895508,20.896221160888672,14.01662826538086,0.0,0.0,0.0,0.0
1.0,0.0,14.678136825561523,3.431729316711426,20.824325561523438,13.961763381958008,0.0,0.0,0.0,0.0
1.0,0.0,16.02351188659668,3.2382850646972656,20.88764190673828,13.891738891601562,0.0,0.0,0.0,0.0
1.0,0.0,14.481821060180664,3.389847755432129,20.822669982910156,13.847003936767578,0.0,0.0,0.0,0.0
1.0,0.0,15.038717269897461,3.392462730407715,20.82094955444336,13.806734085083008,0.0,0.0,0.0,0.0
1.0,0.0,13.805437088012695,3.3662595748901367,20.677989959716797,13.782472610473633,0.0,0.0,0.0,0.0
1.0,0.0,14.56318473815918,3.384214401245117,20.602195739746094,13.774869918823242,0.0,0.0,0.0,0.0
1.0,0.0,13.149008750915527,3.373295783996582,20.394134521484375,13.776290893554688,0.0,0.0,0.0,0.0
1.0,0.0,14.079679489135742,3.2956008911132812,20.214336395263672,13.788400650024414,0.0,0.0,0.0,0.0
1.0,0.0,12.516117095947266,3.0247344970703125,20.00386619567871,13.755985260009766,0.0,0.0,0.0,0.0
1.0,0.0,13.313201904296875,2.626955986022949,19.665281295776367,13.748406410217285,0.0,0.0,0.0,0.0
1.0,0.0,11.864269256591797,2.489839553833008,19.84832191467285,13.669958114624023,0.0,0.0,0.0,0.0
1.0,0.0,12.79627799987793,2.538982391357422,19.30229377746582,13.646065711975098,0.0,0.0,0.0,0.0
1.0,0.0,11.425914764404297,2.402632713317871,22.75849151611328,13.191092491149902,0.0,0.0,0.0,0.0
1.0,0.0,11.971044540405273,3.060652732849121,17.40999984741211,12.627642631530762,0.0,0.0,0.0,0.0
1.0,0.0,10.826678276062012,2.2455081939697266,15.977165222167969,10.02830696105957,0.0,0.0,0.0,0.0
1.0,0.0,11.26322078704834,3.370110511779785,16.729047775268555,11.128107070922852,0.0,0.0,0.0,0.0
1.0,0.0,11.878046035766602,2.8061466217041016,16.191387176513672,12.610067367553711,0.0,0.0,0.0,0.0
1.0,0.0,11.476276397705078,2.4549942016601562,16.244962692260742,10.356597900390625,0.0,0.0,0.0,0.0
1.0,0.0,11.55314826965332,2.533383369445801,19.307884216308594,12.25082015991211,0.0,0.0,0.0,0.0
1.0,0.0,11.86899185180664,1.9975461959838867,26.047588348388672,8.433624267578125,0.0,0.0,0.0,0.0
1.0,0.0,10.328878402709961,2.745502471923828,25.928504943847656,8.771854400634766,0.0,0.0,0.0,0.0
1.0,0.0,10.822402954101562,2.3375539779663086,25.3962345123291,9.816174507141113,0.0,0.0,0.0,0.0
1.0,0.0,10.602067947387695,5.795949935913086,19.42236328125,9.006945610046387,0.0,0.0,0.0,0.0
1.0,0.0,10.755291938781738,0.8171854019165039,22.865249633789062,11.391743659973145,0.0,0.0,0.0,0.0
1.0,0.0,10.65995979309082,0.9832181930541992,22.58682632446289,11.632909774780273,0.0,0.0,0.0,0.0
1.0,0.0,10.843812942504883,1.0968036651611328,22.533939361572266,11.975934982299805,0.0,0.0,0.0,0.0
1.0,0.0,9.385536193847656,1.262059211730957,21.6893367767334,13.424165725708008,0.0,0.0,0.0,0.0
1.0,0.0,9.120098114013672,1.5661640167236328,21.89487075805664,13.336725234985352,0.0,0.0,0.0,0.0
1.0,0.0,9.335159301757812,1.9324684143066406,22.414722442626953,13.238975524902344,0.0,0.0,0.0,0.0
1.0,0.0,9.129386901855469,2.8958473205566406,26.690593719482422,13.428365707397461,0.0,0.0,0.0,0.0
1.0,0.0,8.00007438659668,2.2794666290283203,26.411266326904297,13.325543403625488,0.0,0.0,0.0,0.0
1.0,0.0,8.839204788208008,3.3655624389648438,25.99777603149414,13.129030227661133,0.0,0.0,0.0,0.0
1.0,0.0,7.446730613708496,2.2880353927612305,24.034948348999023,12.160235404968262,0.0,0.0,0.0,0.0
1.0,0.0,8.145885467529297,2.8363876342773438,23.929182052612305,12.148266792297363,0.0,0.0,0.0,0.0
1.0,0.0,7.7720184326171875,2.357667922973633,23.833219528198242,11.565364837646484,0.0,0.0,0.0,0.0
1.0,0.0,7.632986068725586,3.168778419494629,23.742321014404297,11.682373046875,0.0,0.0,0.0,0.0
1.0,0.0,6.9828596115112305,1.778146743774414,23.664241790771484,11.727982521057129,0.0,0.0,0.0,0.0
1.0,0.0,7.1206207275390625,1.9965734481811523,23.553659439086914,11.854427337646484,0.0,0.0,0.0,0.0
1.0,0.0,6.952786445617676,2.6432313919067383,23.43592071533203,12.108284950256348,0.0,0.0,0.0,0.0
1.0,0.0,7.386260986328125,3.5206804275512695,23.40670394897461,13.002825736999512,0.0,0.0,0.0,0.0
1.0,0.0,6.732352256774902,3.1187219619750977,23.242496490478516,11.810540199279785,0.0,0.0,0.0,0.0
1.0,0.0,7.351591110229492,2.5218143463134766,23.11366081237793,12.053094863891602,0.0,0.0,0.0,0.0
1.0,0.0,6.009265899658203,5.59269905090332,22.80577850341797,13.930892944335938,0.0,0.0,0.0,0.0
1.0,0.0,8.114302635192871,4.992606163024902,27.755586624145508,13.620128631591797,0.0,0.0,0.0,0.0
1.0,0.0,5.782747268676758,5.069092750549316,27.747295379638672,13.61147689819336,0.0,0.0,0.0,0.0
1.0,0.0,7.803129196166992,4.915855407714844,27.670700073242188,13.608698844909668,0.0,0.0,0.0,0.0
1.0,0.0,4.533267021179199,5.111701011657715,27.65761947631836,13.637995719909668,0.0,0.0,0.0,0.0
1.0,0.0,7.0509033203125,4.869016647338867,27.58315086364746,13.64560317993164,0.0,0.0,0.0,0.0
1.0,0.0,4.610386848449707,5.075076103210449,27.52188491821289,13.760061264038086,0.0,0.0,0.0,0.0
1.0,0.0,7.02496337890625,4.751330375671387,27.42624282836914,13.832963943481445,0.0,0.0,0.0,0.0
1.0,0.0,4.795024871826172,4.969714164733887,27.328678131103516,14.006850242614746,0.0,0.0,0.0,0.0
1.0,0.0,7.134927749633789,4.68305778503418,27.204143524169922,14.118922233581543,0.0,0.0,0.0,0.0
1.0,0.0,4.595921516418457,4.876628875732422,27.05478858947754,14.290159225463867,0.0,0.0,0.0,0.0
1.0,0.0,7.173876762390137,4.554441452026367,26.835346221923828,14.410835266113281,0.0,0.0,0.0,0.0
1.0,0.0,4.966640472412109,4.785223960876465,26.538719177246094,14.649605751037598,0.0,0.0,0.0,0.0
1.0,0.0,7.2708024978637695,4.571023941040039,25.75383758544922,15.129080772399902,0.0,0.0,0.0,0.0
1.0,0.0,4.915282249450684,4.760756492614746,23.54296112060547,11.436518669128418,0.0,0.0,0.0,0.0
1.0,0.0,7.160280227661133,4.437024116516113,23.20365333557129,11.589834213256836,0.0,0.0,0.0,0.0
